source_filename,Agreement Name,Agreement Classification,Agreement Purpose,Party1 Name,Party1 Role,Party2 Name,Party2 Role,Effective Date,Signature Date,Term,Renewal Term,Recurring Monthly Charges,Nonrecurring Charges,Services,Locations,Payment Terms
41593527568_Education Affiliates_100M Upgrade_Mobile.pdf,AT&T Dedicated Internet Service Pricing Schedule,Service Agreement,Service provisioning,AT&T Corp. d/b/a ACC Business,Provider,Education Affiliates,Customer,Not specified.,6/25/2020,12,Not specified.,$868 ,$0 ,Dedicated Internet Service,"7033 Airport Blvd, Mobile, Al 36608",Not specified.
91587387609_ACC Business - MSA.pdf,ACC BUSINESS MULTI-SERVICE AGREEMENT,Service Agreement,Service provisioning,AT&T Corp. d/b/a ACC Business,Provider,"Concentra Health Services, Inc",Customer,10/12/2017,10/12/2017,Not specified.,month-to-month,Not specified.,Not specified.,ACC Business Services,Not specified.,Not specified.
61724086842_2252144-Arelion_MSA_846467.pdf,Master Service Agreement,Master Service Agreement,Service provisioning,Arelion U.S. Inc.,Provider,Free Range Internet LLC,Customer,11/21/2023,11/21/2023,Not specified.,Not specified.,Specified in the applicable Order,Specified in the applicable Order,Communications services,Not specified.,Net 30
61724765368_LehighWifi_ArelionMSA-Signed03062024.pdf,Master Service Agreement,Master Service Agreement,Service provisioning,Arelion U.S. Inc.,Provider,Lehigh Wil La,Customer,3/6/2024,3/6/2024,12,Not specified.,Set forth in the applicable Order,Set forth in the applicable Order,Services from Arelion,Not specified.,Net 30 calendar days
19561639593876_ACC DIA LandCare Contract Ft. Worth Signed copy.pdf,ACC DIA LandCare Contract,Service Agreement,Service provisioning,AT&T Corp. d/b/a ACC Business,Provider,Landcare,Customer,12/15/2021,12/15/2021,24,Not specified.,$591 ,$0 ,Dedicated Internet Service,"1948 Josh Road, Fort Worth, TX 76177",Not specified.
19561668624865_ACCB_AIA_ Countersigned SELECT MEDICAL CORPORATION CONTRACT.pdf,AT&T Internet Access as sold by ACC Business PRICING SCHEDULE,Service Agreement,Service provisioning,AT&T Corp. d/b/a ACC Business,Provider,Select Medical Corporation,Customer,10/7/2022,10/9/2022,36,Not specified.,Not specified.,Not specified.,AT&T Internet Access as sold by ACC Business aka AT&T High Speed Internet - Enterprise,"4718 Gettysburg Rd, Mechanicsburg, PA",Orders for each location will be billed in accordance with the rates in effect at time of order submission.
19561668722110_ACCB_AIA_ACS_Multi Service Agreement_partially executed 09192022.pdf,ACC Business Multi-Service Agreement,Master Service Agreement,Service provisioning,AT&T Corp. d/b/a ACC Business,Provider,Select Medical Corporation,Customer,9/19/2022,9/19/2022,Not specified,Not specified,Not specified,Not specified,Telecommunications services,"Mechanicsburg, PA; Rochester, NY",Not specified
19561668722178_ACCB_AIA_ACS_Multi Service Agreement_partially executed 09192022.pdf,ACC Business Multi-Service Agreement,Master Service Agreement,Service provisioning,AT&T Corp. d/b/a ACC Business,Provider,Select Medical Corporation,Customer,9/19/2022,9/19/2022,Not specified,Not specified,Not specified,Not specified,Telecommunications services,"Mechanicsburg, PA; Rochester, NY",Not specified
19561668794458_ACCB_AIA_ACS_Multi Service Agreement_partially executed 09192022.pdf,ACC Business Multi-Service Agreement,Master Service Agreement,Service provisioning,AT&T Corp. d/b/a ACC Business,Provider,Select Medical Corporation,Customer,9/19/2022,9/19/2022,Not specified,Not specified,Not specified,Not specified,Telecommunications services,"Mechanicsburg, PA; Rochester, NY",Not specified
19561670521853_ACCB_AIA_E_contract_PS401 (6) Acorn Health.pdf,Pricing Schedule,Service Agreement,Service provisioning,AT&T Corp. d/b/a ACC Business,Provider,Acorn Health,Customer,Not specified.,12/7/2022,36,month-to-month,Not specified.,Not specified.,AT&T Internet Access as sold by ACC Business aka AT&T High Speed Internet - Enterprise,Not specified.,Rates for each location will be billed in accordance with the rates in effect at time of order submission.
19561693503623_Behavioral Innovations - ACC AIA MSA.pdf,ACC Business Multi-Service Agreement,Master Service Agreement,Service provisioning,AT&T Corp. d/b/a ACC Business,Provider,BEHAVIORAL INNOVATIONS,Customer,8/31/2023,8/31/2023,Not specified,Month-to-month,Not specified,Not specified,"Business services including tariffs, guidebooks, and service guides","12430 Grant Rd, STE A, Cyprus, TX 77429, US",Not specified
19561715698576_ACCB_AIA_ACS_Multi_Service_Agreement Powerback.pdf,ACC Business Multi-Service Agreement,Service Agreement,Service provisioning,AT&T Corp. d/b/a ACC Business,Provider,Powerback,Customer,1/19/2024,1/19/2024,Not specified.,Not specified.,Not specified.,Not specified.,"Business services including tariffs, guidebooks, and service guides","KINGSBURG, CA; KENNETT SQUARE, PA; Rochester, NY",Not specified.
19561731684900_ACCB_AIA_ACS_Multi_Service_Agreement (6) Acorn Health.pdf,ACC Business Multi-Service Agreement,Master Service Agreement,Service provisioning,AT&T Corp. d/b/a ACC Business,Provider,Acorn Health,Customer,12/7/2022,12/7/2022,Not specified,Not specified,Not specified,Not specified,Telecommunications services,"75 Valencia Ave, Suite 1120, Coral Gables, FL 33134, US",Not specified
20171667579310_ACCB_AIA_ Countersigned SELECT MEDICAL CORPORATION CONTRACT.pdf,AT&T Internet Access as sold by ACC Business PRICING SCHEDULE,Service Agreement,Service provisioning,AT&T Corp. d/b/a ACC Business,Provider,Select Medical Corporation,Customer,10/7/2022,10/9/2022,36,Not specified.,Not specified.,Not specified.,AT&T Internet Access as sold by ACC Business aka AT&T High Speed Internet - Enterprise,"4718 Gettysburg Rd, Mechanicsburg, PA",Orders for each location will be billed in accordance with the rates in effect at time of order submission.
20171667579377_ACCB_AIA_ACS_Multi_Service_Agreement_Select Medical Corp_partially executed 10102022.pdf,ACC Business Multi-Service Agreement,Master Service Agreement,Service provisioning,AT&T Corp. d/b/a ACC Business,Provider,Select Medical Corporation,Customer,Not specified.,10/9/2022,Not specified.,Not specified.,Not specified.,Not specified.,Business communication services,"Mechanicsburg, PA; Rochester, NY",Not specified.
20171692627576_ACCB_AIA_ACS_Multi_Service_Agreement_PE 08212023.pdf,ACC Business Multi-Service Agreement,Master Service Agreement,Service provisioning,AT&T Corp. d/b/a ACC Business,Provider,Concentra Health Services Inc.,Customer,8/18/2023,8/21/2023,Not specified,Not specified,Not specified,Not specified,Business Services,Not specified,Not specified
41593607279_ACC Workbook Peterbilt - West Columbia 6_15_2020_signed.pdf,ACC Business Multi-Service Agreement,Master Service Agreement,Service provisioning,AT&T Corp. d/b/a ACC Business,Provider,"Peterbilt of Knoxville, Inc dba The Peterbilt Store of Columbia",Customer,Not specified.,6/30/2020,24,Not specified.,$884 ,$0 ,Dedicated Internet Service,"225 Rolling Meadows Lane, West Columbia, SC 29172",Not specified.
19561728670528_ACCB_AIA_ACS_Multi_Service_Agreement Concentra Health Services Inc..pdf,ACC Business Multi-Service Agreement,Service Agreement,Service provisioning,AT&T Corp. d/b/a ACC Business,Provider,Concentra Health Services Inc.,Customer,10/11/2024,10/11/2024,Not specified,Month-to-month,Not specified,Not specified,ACC Business Services,Not specified,Not specified
19561732118329_ACCB_AIA_ACS_Multi_Service_Agreement Powerback.pdf,ACC Business Multi-Service Agreement,Master Service Agreement,Service provisioning,AT&T Corp. d/b/a ACC Business,Provider,Powerback,Customer,7/3/2024,7/3/2024,Not specified.,Month-to-month,Not specified.,Not specified.,ACC Business Services,"Fitchburg, WI; Kennett Square, PA; Rochester, NY",Not specified.
271598363992_BARC Renewal 4.14.2020.pdf,COMMERCIAL SERVICE AGREEMENT,Service Agreement,Service provisioning,"BARCONNECTS, LLC",Provider,Ava Harrington,Customer,4/14/2020,4/9/2020,24,1,Not specified.,Not specified.,"Internet, telephone (voice) and TV services","670 Oakland Circle, Raphine VA 24472",Nonrecurring charges and recurring charges shall be due within fifteen (15) days of the date of the invoice
19561706218401_1931705946927_Tesoro Farm Blue Stream Fiber Account 600038802 TERMS AND CONDITIONS.pdf,Business Class Service Agreement,Service Agreement,Service provisioning,Blue Stream,Provider,Customer,Customer,Not specified.,Not specified.,Not specified.,Month-to-month,Quoted monthly recurring charge for Internet and Phone Services,"Service installation and activation charges, measured and usage-based charges, local, long distance, directory assistance and operator services calling charges, and equipment and facilities charges","['Internet', 'Cable TV', 'Phone']","[""Customer's premises"", 'Service locations identified on the Service Order']",Payable within thirty (30) days after the date appearing on the invoice
4561651763087_National Oilwell Amendment No. 5 040121.pdf,Amendment No. 5 to Contract No. 2181465,Amendment,"Service provisioning, renewal","Cellco Partnership, a Delaware General Partnership doing business as Verizon Wireless",Provider,"National Oilwell Varco, L.P.",Customer,4/1/2021,4/2/2021,36,month-to-month,Not specified.,"$40,000.00 signing bonus","Wireless service, data plans, messaging, mobile hotspot, international long distance value feature",Not specified.,Not specified.
1321599171952_41593529833_EA_Century Link_Salt Lake_upgrade.pdf,CenturyLink IQ Data Bundle Offer,Service Agreement,Service provisioning,"CenturyLink Sales Solutions, Inc.",Provider,"Education Affiliates, Inc",Customer,Not specified.,6/25/2020,36,month-to-month,$970.00 ,$0.00 ,"CenturyLink IQ Data Bundle (IQ Networking, Local Access, Rental CPE), IQ Networking Port Internet, Local Access","3949 S 700 E SUIT 150, SALT LAKE CITY, UT 84107",Not specified.
1321600112147_41593530212_EA Century Link Foley 100MB.pdf,CenturyLink IQ Data Bundle Offer,Service Agreement,Service provisioning,"CenturyLink Sales Solutions, Inc.",Provider,Distributed Computing Inc,Customer,Not specified.,6/25/2020,36,Month-to-month,$970.00 ,$0.00 ,"CenturyLink IQ Networking, Local Access and Rental CPE",200 E LAUREL AVE FOLEY AL 36535,Not specified.
121585078471_CenturyLink- Banner PT Phoenix AZ-McDowell MSA.pdf,Total Advantage Express Agreement,Service Agreement,Service provisioning,"CenturyLink Sales Solutions, Inc.",Provider,BANNER PHYSICAL THERAPY,Customer,1/31/2018,1/31/2018,Not specified.,Automatic renewal unless terminated by either party,Not specified.,Not specified.,FIBER + ENTERPRISE IA PACKAGE,Not specified.,"Customer must pay all charges within 30 days of the invoice date except for CenturyLink QC charges, which Customer must pay by the due date on the invoice."
121585078731_CenturyLink- Banner PT Sun City AZ-Meeker 103-SFA.pdf,Total Advantage Express Agreement,Service Agreement,Service provisioning,"CenturyLink Sales Solutions, Inc.",Provider,BANNER PHYSICAL THERAPY,Customer,Not specified.,1/31/2018,Not specified.,Automatic renewal,Not specified.,Not specified.,FIBER + ENTERPRISE IA PACKAGE,Not specified.,"Customer must pay all charges within 30 days of the invoice date except for CenturyLink QC charges, which Customer must pay by the due date on the invoice."
121585078855_CenturyLink- Banner PT Sun City AZ-Meeker 301-SFA.pdf,Total Advantage Express Agreement,Service Agreement,Service provisioning,"CenturyLink Sales Solutions, Inc.",Provider,BANNER PHYSICAL THERAPY,Customer,Not specified.,1/31/2018,Not specified.,Not specified.,Not specified.,Not specified.,FIBER + ENTERPRISE IA PACKAGE,Not specified.,"Customer must pay all charges within 30 days of the invoice date except for CenturyLink QC charges, which Customer must pay by the due date on the invoice."
121585080190_CenturyLink- SSH  Tallahassee FL 507150.pdf,CenturyLink Total Advantage Express Agreement,Service Agreement,Service provisioning,"CenturyLink Sales Solutions, Inc.",Provider,"Distributed Computing, Inc.",Customer,11/7/2018,1/8/2018,36,Automatically renews unless terminated,$139.00 ,$0.00 ,"Fiber+ Internet Bundle, Microsoft Office 365 from CenturyLink, Basic Web Hosting with Site Builder Tools, DNS Registration, Data Backup for PC and Laptop, Cloud Fax, Search Engine Submission","1554 Surgeons Dr, Tallahassee, FL 32308",Pay all charges within 30 days of the invoice date
121585080375_CenturyLink SFA- SSM Health Phys Ther St Peter's 05860.pdf,Total Advantage Express Agreement,Service Agreement,Service provisioning,"CenturyLink Sales Solutions, Inc.",Provider,SSM HEALTH PHYSICAL THERAPY,Customer,Not specified.,6/28/2018,Not specified.,Automatic renewal unless terminated by either party,Not specified.,Not specified.,"Domestic CenturyLink IQ Networking Pricing, Local Access",Not specified.,"Charges must be paid within 30 days of the invoice date except for CenturyLink QC charges, which Customer must pay by the due date on the invoice."
91583414578_CenturyLink_-_Concentra_N309813_CTA_101617.pdf,CenturyLink?? Total Advantage?? Agreement,Service Agreement,Service provisioning,"CenturyLink Sales Solutions, Inc.",Provider,"Concentra Health Services, Inc.",Customer,Not specified.,10/17/2017,36,month-to-month,"$2,000 ",Not specified.,"['Domestic and International CenturyLink IQ Networking Service', 'Local Access Service', 'Rental CPE Service']",Not specified.,"Invoiced amounts are due in full within 30 days after the date of the invoice if the due date is not included on the invoice (""Due Date"")."
19561668634786_Select Medical Concentra - Spectrum Service Agmt. Fiber Renewal Partiall....pdf,Spectrum Enterprise Service Agreement,Service Agreement,Service provisioning,"Charter Communications Operating, LLC",Provider,Select Medical Corporation,Customer,Not specified.,9/6/2022,36,Not specified.,123044,0,"Fiber Internet Access, Ethernet Services (EPL, EVPL, EPLAN), Voice Services",286 Service Locations listed on Exhibit A,Due in accordance with monthly invoice
19561668635089_Select Medical Concentra - Spectrum Service Agmt. Fiber Renewal Partiall....pdf,Spectrum Enterprise Service Agreement,Service Agreement,Service provisioning,"Charter Communications Operating, LLC",Provider,Select Medical Corporation,Customer,Not specified.,9/6/2022,36,Not specified.,123044,0,"Fiber Internet Access, Ethernet Services (EPL, EVPL, EPLAN), Voice Services",286 Service Locations listed on Exhibit A,Due in accordance with monthly invoice
19561636577760_FP MSA - Executed.pdf,Master Services Agreement (MSA),Master Service Agreement,Service provisioning,"Comcast Cable Communications Management, LLC",Provider,"Francisco Partners Management, LP",Customer,Not specified.,11/8/2021,60,Not specified.,Not specified.,Not specified.,Communications and other services,"One Letterman Drive Building C, Suite 410, San Francisco, CA",Not specified.
19561637100977_Travelzoo MSA-SV-signed.pdf,Master Services Agreement (MSA),Master Service Agreement,Service provisioning,"Comcast Cable Communications Management, LLC",Provider,Travelzoo,Customer,Not specified.,11/2/2021,60,Not specified.,Not specified.,Not specified.,Communications and other services,Not specified.,Not specified.
19561637100997_Travelzoo MSA-SV First Amendment.pdf,Comcast Enterprise Services Master Services Agreement,Master Service Agreement,Service provisioning,"Comcast Cable Communications Management, LLC",Provider,"Travelzoo, Inc.",Customer,10/29/2021,11/15/2021,Not specified.,1,Not specified.,Not specified.,Comcast Enterprise Services,Not specified.,Not specified.
19561656624470_TREX Comcast MSA.pdf,COMCAST ENTERPRISE SERVICES MASTER SERVICES AGREEMENT (MSA),Master Service Agreement,service provisioning,"Comcast Cable Communications Management, LLC",provider,Trex Company Inc.,customer,Not specified.,6/30/2022,60,Not specified.,Not specified.,Not specified.,communications and other services,"1700 Union Ave, Suite B, Baltimore, MD",Not specified.
19561668633832_Concentra Health Services MSA.pdf,Master Services Agreement (MSA),Master Service Agreement,Service provisioning,"Comcast Cable Communications Management, LLC",Provider,Concentra Health Services,Customer,Not specified.,3/16/2017,60,Not specified.,Not specified.,Not specified.,Communications and other services,Wired and serviceable areas in participating Comcast systems,Not specified.
19561668635001_Select Medical MSA-SIGNED.pdf,Master Services Agreement (MSA),Master Service Agreement,Service provisioning,"Comcast Cable Communications Management, LLC",Provider,Select Medical Corporation,Customer,Not specified.,11/21/2025,60,Not specified.,Not specified.,Not specified.,Communications and other services,Not specified.,Not specified.
19561674141431_Pull A Part LLC- 36mo (3) EDI 100M - MR (jun med) Configurator 3 SITES with MR - 011723 - 23315717 M.pdf,Master Services Agreement,Master Service Agreement,Service provisioning,"Comcast Cable Communications Management, LLC",Provider,Pull A Part LLC,Customer,1/19/2023,1/19/2023,60,Not specified.,Not specified.,Not specified.,Communications and other services,Not specified.,Not specified.
19561674141947_Pull A Part LLC- 36mo (3) EDI 100M - MR (jun med) Configurator 3 SITES with MR - 011723 - 23315717 M.pdf,Master Services Agreement,Master Service Agreement,Service provisioning,"Comcast Cable Communications Management, LLC",Provider,Pull A Part LLC,Customer,1/19/2023,1/19/2023,60,Not specified.,Not specified.,Not specified.,Communications and other services,"4473 Tilly Mill Rd, Doraville, GA",Not specified.
19561688001471_SEPG_-_Jacksonville__Ethernet_Configurator_23785584__MSA.pdf,Master Services Agreement,Master Service Agreement,Service provisioning,"Comcast Cable Communications Management, LLC",Provider,Southeastern Paper Group,Customer,6/28/2023,6/28/2023,60,Not specified.,Not specified.,Not specified.,Communications and other services,Not specified.,Not specified.
19561694457452_Waxies MSA - OP ID 20130957.pdf,Master Services Agreement,Master Service Agreement,Service provisioning,"Comcast Cable Communications Management, LLC",Provider,Waxie's Enterprises LLC,Customer,6/20/2023,9/11/2023,60,Not specified.,Not specified.,Not specified.,Communications and other services,"18314 80th Place South, Kent, WA",Not specified.
19561695388618_Waxies MSA - OP ID 20130957.pdf,Comcast Enterprise Services Master Services Agreement (MSA),Master Service Agreement,Service provisioning,"Comcast Cable Communications Management, LLC",Provider,Waxie's Enterprises LLC,Customer,9/11/2023,9/21/2023,60,Not specified.,Not specified.,Not specified.,Communications and other services,"18314 80th Place South, Main Floor, Kent, WA",Not specified.
19561695656163_Education Affiliates Renewal SA (1).pdf,Comcast Business Service Agreement (Multi-Site),Service Agreement,Service provisioning,"Comcast Cable Communications Management, LLC",Provider,Education Affiliates,Customer,Not specified.,9/25/2023,36,Not specified.,Not specified.,Not specified.,Communications and other services,Not specified.,Not specified.
19561701803672_North American Corp MSA.pdf,Comcast Enterprise Services Master Services Agreement,Master Service Agreement,Service provisioning,"Comcast Cable Communications Management, LLC",Provider,North American Corp.,Customer,11/9/2023,12/5/2023,60,Not specified.,Not specified.,Not specified.,Communications and other services,Not specified.,Not specified.
19561701959079_North American Corp MSA.pdf,Master Services Agreement,Master Service Agreement,Service provisioning,"Comcast Cable Communications Management, LLC",Provider,North American Corp.,Customer,12/5/2023,12/6/2023,60,Not specified.,Not specified.,Not specified.,Communications and other services,"2101 Claire Ct, Glenview, IL",Not specified.
19561707336789_Athlanta History Center MSA.pdf,Master Services Agreement (MSA),Master Service Agreement,Service provisioning,"Comcast Cable Communications Management, LLC",Provider,Atlanta History Center,Customer,2/7/2024,2/7/2024,60,Not specified.,Not specified.,Not specified.,Communications and other services,"130 Paces Ferry Rd NW, Atlanta, GA",Not specified.
19561707932322_Athlanta History Center MSA.pdf,Master Services Agreement (MSA),Master Service Agreement,Service provisioning,"Comcast Cable Communications Management, LLC",Provider,Atlanta History Center,Customer,2/7/2024,2/14/2024,60,Not specified.,Not specified.,Not specified.,Communications and other services,"130 Paces Ferry Rd NW, Atlanta, GA",Not specified.
19561712157383_Trex SDWAN MSA.pdf,Master Services Agreement (MSA),Master Service Agreement,Service provisioning,"Comcast Cable Communications Management, LLC",Provider,Trex Company Inc,Customer,4/3/2024,4/3/2024,60,Not specified.,Not specified.,Not specified.,Communications and other services,Not specified.,Not specified.
19561726588043_Vox MSA - Countersigned.pdf,Master Services Agreement (MSA),Master Service Agreement,Service provisioning,"Comcast Cable Communications Management, LLC",Provider,Vox Church,Customer,9/16/2024,9/17/2024,60,Not specified.,Not specified.,Not specified.,Communications and other services,"131 COMMERCIAL PKWY, Address 2: BLDG 1, City: BRANFORD, State: CT, Zip Code: 06405",Not specified.
20171701091307_Johnston Paper Inc MSA (1).pdf,Master Services Agreement,Master Service Agreement,Service provisioning,"Comcast Cable Communications Management, LLC",Provider,Johnston Paper Inc.,Customer,11/24/2023,11/24/2023,60,Not specified.,Not specified.,Not specified.,Communications and other services,"12075 Harley Club Dr, BLDG B, Ashland, VA",Not specified.
20171701177860_Johnston Paper Inc MSA (1) (1).pdf,Master Services Agreement (MSA),Master Service Agreement,Service provisioning,"Comcast Cable Communications Management, LLC",Provider,Johnston Paper Inc.,Customer,11/24/2023,11/27/2023,60,Not specified.,Not specified.,Not specified.,Communications and other services,"Ashland, VA",Not specified.
20171704737052_Comcast Ft. Meyers Airport MSA_FE01082024.pdf,Comcast Enterprise Services Master Services Agreement,Master Service Agreement,Service provisioning,"Comcast Cable Communications Management, LLC",Provider,Concentra Health Services Inc,Customer,1/8/2024,1/8/2024,60,Not specified.,Not specified.,Not specified.,Communications and other services,Not specified.,Not specified.
20171705424087_Comcast Ft. Meyers Airport MSA_FE01082024.pdf,Comcast Enterprise Services Master Services Agreement,Master Service Agreement,service provisioning,"Comcast Cable Communications Management, LLC",provider,Concentra Health Services Inc,customer,1/8/2024,1/8/2024,60,Not specified.,Not specified.,Not specified.,communications and other services,"16200 PARALLEL DR, Fort Myers, FL 33913",Not specified.
20171705526404_Concentra Health Services - MSA 25412576_FE01172024.pdf,Master Services Agreement (MSA),Master Service Agreement,Service provisioning,"Comcast Cable Communications Management, LLC",Provider,Concentra Health Services Inc.,Customer,1/17/2024,1/17/2024,60,Not specified.,Not specified.,Not specified.,Communications and other services,Not specified.,Not specified.
20171705587728_Concentra Health Services - MSA 25412576_FE01172024.pdf,Comcast Enterprise Services Master Services Agreement (MSA),Master Service Agreement,Service provisioning,"Comcast Cable Communications Management, LLC",Provider,Concentra Health Services Inc.,Customer,1/17/2024,1/17/2024,60,Not specified.,Not specified.,Not specified.,Communications and other services,Not specified.,Not specified.
41615394931_Capital Forest MSA.pdf,Master Services Agreement,Master Service Agreement,Service provisioning,"Comcast Cable Communications Management, LLC",Provider,CAPITAL FOREST PRODUCTS,Customer,Not specified.,3/9/2021,60,Not specified.,Not specified.,Not specified.,Communications and other services,"222 SEVERN AVE, STE 14-100, Annapolis, MD",Not specified.
41618249847_SIGNED_Comcast Master Service Agreement.pdf,Master Services Agreement (MSA),Master Service Agreement,Service provisioning,"Comcast Cable Communications Management, LLC",Provider,Elliott - Lewis Corporate,Customer,Not specified.,4/15/2021,60,Not specified.,Not specified.,Not specified.,Communications and other services,"2900 BLACK LAKE PL, PHILADELPHIA, PA",Not specified.
41624385019_Pete Store MSA.pdf,Master Services Agreement (MSA),Master Service Agreement,Service provisioning,"Comcast Cable Communications Management, LLC",Provider,"The Pete Store, LLC",Customer,Not specified.,6/21/2021,60,Not specified.,Not specified.,Not specified.,Communications and other services,Not specified.,Not specified.
41626377900_210715_ComastFiberMSA_StPeterTheApostleParish.pdf,Master Services Agreement,Master Service Agreement,Service provisioning,"Comcast Cable Communications Management, LLC",Provider,St Peters the Apostle Parish,Customer,Not specified.,7/15/2021,60,Not specified.,Not specified.,Not specified.,Communications and other services,"1019 N 5TH ST, ST. PETER the APOSTVE PARISH, PHILADELPHIA, PA",Not specified.
51592592842_comcast.pdf,Master Services Agreement,Master Service Agreement,Service provisioning,"Comcast Cable Communications Management, LLC",Provider,B & I Auto Supply Inc.,Customer,Not specified.,12/9/2016,60,Not specified.,Not specified.,Not specified.,"Business Class Trunking Service, Integrated Access Device (IAD)","135 COMMERCE DR, FORT WASHINGTON, PA",Not specified.
51592593039_comcast.pdf,Master Services Agreement,Master Service Agreement,Service provisioning,"Comcast Cable Communications Management, LLC",Provider,B & I Auto Supply Inc.,Customer,Not specified.,12/9/2016,60,Not specified.,Not specified.,Not specified.,"Business Class Trunking Service, Integrated Access Device (IAD)","135 COMMERCE DR, FORT WASHINGTON, PA",Not specified.
19561690568035_IPJ BGP Form v.22 17 State St 21st.pdf,IP Address Request Form,Service Agreement,Service provisioning,Crown Castle,Provider,Chardan Capital Markets LLC,Customer,Not specified.,7/28/2023,Not specified.,Not specified.,Not specified.,Not specified.,IP address allocation,"17 State St, 21st Floor, New York, NY 10004",Not specified.
61723837376_Hi-Link Technology GTC (DLR 03.15.23).docx (1).pdf,Global Terms and Conditions,Master Service Agreement,Service provisioning,Digital Realty,Provider,"Hi-Link Technology Group, LLC",Customer,Not specified.,Not specified.,Not specified.,12,Specified in the Order,Specified in the Order,"Data center-related services and/or products, including the right to deploy computer, networking, communication, security and other systems, and associated racks, wiring, cabling and materials in the Customer Area; electrical power; ventilation and air conditioning; interconnections; technical support; remote hands/smart hands",Building identified in an Order,Fees other than MRCs are due within 30 calendar days of the date of the invoice or Digital Realty's request for payment.
61723837238_Hi-Link Technology MSA (DLR 03.15.23).docx.pdf,Master Services Agreement (United States),Master Service Agreement,Service provisioning,"Digital Realty Holdings US, LLC",Provider,"HiSyglink Technology Group, LLC",Customer,Not specified.,Not specified.,39,Not specified.,Not specified.,Not specified.,Data center services,United States,Not specified.
61590504421_Magnolia Greenville Mgd Svc 030518-FE.pdf,Managed Services Agreement,Service Agreement,Service provisioning,"Distributed Computing, Inc. dba Ten4",Provider,"THI of South Carolina at Greenville, LLC",Client,2/27/2018,3/5/2018,60,Month-to-month,675,4197,"Grandstream Telephone System, TEN4PBX Hosted Solutions, Sierra Wireless Fixed Cellular (Internet Access), Site Services Administration, Administrative programming services for telephone system changes, Proactive network and phone system monitoring","Magnolia Manor Greenville, 411 Ansel Street, Greenville, SC 29601",Due and payable on the first day of each month. Services may be suspended if MRC payment is not received within thirty (30) days following date due.
61590087612_Prince George MSO Agmt 102618-FE.pdf,Managed Services Agreement,Service Agreement,Service provisioning,"Distributed Computing, Inc. dba Ten4",Provider,"Palmetto Prince George Operating, LLC",Client,Not specified.,10/26/2018,60,month-to-month,1430,11000,"['GRANDSTREAM TELEPHONE SYSTEM (Appendix A)', 'TEN4PBX HOSTED SOLUTIONS (Appendix B)', 'SIERRA WIRELESS FIXED CELLULAR (INTERNET ACCESS) (Appendix C)', 'CONNECTIVITY & SITE SERVICES ADMINISTRATION (Appendix D)', 'Proactive monitoring and alerting', 'Trouble ticket creation and resolution', 'Diagnose, repair or replace any malfunctioning equipment', 'Expedited replacement of equipment', ""Network system inventory at Client site, stored within DCi's Internet-accessible portal""]","['Prince George Healthcare Center, 901 Maple Street, Georgetown, SC 29440']","Client agrees to pay a one-time fee of Eleven Thousand Dollars ($11,000.00) in advance, at the time this Agreement is signed. Sales Tax and USF Charges may be added. Services may be suspended if MRC payment is not received within thirty (30) days following date due."
61590504441_MM Greenville MSO Amendment 072618.pdf,Managed Services Agreement,Service Agreement,Amendment to Original Agreement for managed services and hosted solutions,"Distributed Computing, Inc. dba Ten4",Provider,"THI of South Carolina at Greenville, LLC",Client,3/3/2018,7/26/2018,57,Not specified.,930,728,"Ten4pbx & Sangoma Hosted Solutions, Site Services Administration, Connectivity (Fiber), Connectivity (Coax), Connectivity (Fiber) Monitoring and Trouble-ticketing, Connectivity Billing Aggregation",Not specified.,Payable on the first day of each month
61590504455_MM Greenville MSO Amendmt-2 010719.pdf,Managed Services Agreement,Service Agreement,Service provisioning,"Distributed Computing, Inc. dba Ten4",Provider,THI of South Carolina at Greenville,Client,1/7/2019,Not specified.,51,Not specified.,945,15,"Unlimited Standard SIP Trunk, Unlimited Hosted Fax Trunk, E911 Service Charge, Domestic Telephone No. (DID), Business Hosted Extension, Polycom VVX300 Conference Phone, Edgemarc 2900A and Appliance Monitoring, Low-Volume Fax Tier, High-Volume Fax Tier, 4-Port FaxStation Box",Greenville,Due and payable on the first day of each month
1571613500764_Maryvale-Ten4 Connect Bundle Addendum 021021-FE.pdf,Ten4 Connect Bundle Addendum to Managed Services Agreement,Addendum,Service provisioning,"Distributed Computing, Inc. dba Ten4",Provider,"Maryvale Preparatory School, Inc.",Customer,11/8/2019,2/10/2021,36,month-to-month,$180.00 ,$640.00 ,"['GRANDSTREAM TELEPHONE SYSTEM', 'HOSTED VOICE & FAX SOLUTIONS', 'Four (4) hour response time during 8x5 coverage', 'Proactive monitoring and alerting', 'Trouble ticket creation and resolution', 'Diagnose, repair or replace any malfunctioning equipment', 'Expedited replacement of equipment', ""Network system inventory at Customer site, stored within Ten4's Internet-accessible portal""]","['11300 Falls Road, Lutherville, MD 21093']",Payable monthly in advance at the beginning of each month and are due net thirty (30) days from the date of the invoice. Services may be suspended if payment is not received within thirty (30) days following date due.
1601601312271_Ten4 WBG Addendum.pdf,ADDENDUM to Master Services Agreement,Addendum,Service provisioning,"Distributed Computing, Inc. dba Ten4",Provider,Kenlee Precision Corporation,Customer,Not specified.,Not specified.,Not specified.,1,Not specified.,Not specified.,Wireless broadband services,"1701 Inverness Ave, Baltimore, MD 20707",All bills are due within thirty (30) days upon receipt of Ten4 invoice.
19561681742187_Valor-Ten4 Standard MSA 123020.pdf,MASTER SERVICES AGREEMENT,Master Service Agreement,service provisioning,"Distributed Computing, Inc. dba Ten4",provider,"Valor Healthcare, Inc.",customer,Not specified.,12/31/2020,12,Not specified.,Not specified.,Not specified.,Services specified in each Addendum and SOF,Service Location specified in each Addendum or SOF,Customer will pay all Charges as set forth in the SOF for that Service and shall pay according to the terms and conditions set forth in the Addendum for that Service.
19561681743063_Valor-Ten4 Standard MSA 123020.pdf,MASTER SERVICES AGREEMENT,Master Service Agreement,service provisioning,"Distributed Computing, Inc. dba Ten4",provider,"Valor Healthcare, Inc.",customer,Not specified.,12/31/2020,12,Not specified.,Not specified.,Not specified.,Services specified in each Addendum and SOF,Service Location specified in each Addendum or SOF,Customer will pay all Charges as set forth in the SOF for that Service and shall pay according to the terms and conditions set forth in the Addendum for that Service.
19561724341973_Trex Assist+.pdf,Master Services Agreement,Master Service Agreement,Service provisioning,"Distributed Computing, Inc. dba Ten4",Provider,"Trex Company, Inc.",Customer,Not specified.,7/10/2024,36,month-to-month,"$1,048.95 ",$0.00 ,"['Assist Plus service', 'Proactive monitoring', 'Incident Management', 'Custom Reporting', 'Connectivity']","['1800 Newlands Dr E', 'Trex - Winchester Poly Warehouse', 'Capitol, Shawnee', 'Fernley Distribution Center', 'Trex Way', 'Trex - Winchester (Fleet Maintenance)', 'Apple Valley(Railing Warehouse)', 'Trex - R&D', 'Little Rock', 'Little Rock-PERM']",Net 30 days
271626114518_Behavioral Innov. Addison-Ten4 Billing Agg Updated 022221-FE.pdf,Billing Aggregation Services Addendum,Addendum,Service provisioning,"Distributed Computing, Inc. dba Ten4",Provider,Behavioral Innovations,Customer,Not specified.,7/11/2021,36,Month-to-month,510,Not specified.,"Aggregate billing of Customer's broadband network, Aggregate billing in a single invoice, Payment of known bills to service providers, Monthly billing analysis, Access to account information via Ten4 Portal",Not specified.,"Payable monthly in advance at the beginning of each month, due net fifteen (15) days from the date of the invoice. Interest at a rate of 1.5% per month or the highest amount permitted by applicable law, whichever is less."
41594827237_OFFICE PHONE SYSTEM.pdf,Master Services Agreement,Master Service Agreement,service provisioning,"Distributed Computing, Inc. dba Ten4",provider,Accent Dermatology & Aluria Medical Spa,customer,7/1/2020,Not specified.,60,Not specified.,931.5,5698.6,"Hosted Voice Services, Unlimited Inbound/Outbound Calling, IP Phone license, 1 x DID, 1 x Call Path, Voicemail to Email, Auto Attendant, Hunt Group, Music on Hold, basic desk phone (Yealink T41P/Polycom VVX 250/Grandstream GXP2135), Yealink T54 w/power supply, Wall Mount for Yealink T54, Yealink T57W w/power supply, Yealink 50-Button DSS, Voicemail Transcription, EdgeMarc 2900a (C2E), Edgemarc C2E Licensing & Monitoring, Additonal Domestic Telephone Number (DID), Bundle Ext Plan (Analog)","622 Stokes Road, Suite A, Medford, NJ 08055",All bills are due within thirty (30) days upon receipt of Ten4 invoice.
41615834659_Adams.Sanford-Ten4 Site License Agmt 031521.pdf,Hosted Voice Site License Addendum,Addendum,Service provisioning,"Distributed Computing, Inc. dba Ten4",Provider,"Seminole Storage Units I, LLC",Customer,3/15/2021,3/15/2021,36,month-to-month,$240.00 ,"$1,465.00 ","Hosted Voice Solution, Wireless Broadband Backup","3980 E. Lake Mary Blvd., Sanford, FL 32773",Net 30 days from the date of the invoice
41626290701_Sport Ortho.TN-Ten4 HV Addendum Rev.071421.jpg.pdf,Hosted Voice Addendum,Addendum,Service provisioning,"Distributed Computing, Inc. dba Ten4",Provider,Sport Ortho Urgent Care,Customer,Not specified,7/9/2021,12,Month-to-month,1256.01,0,Hosted voice equipment and services,"5000 Crossings Circle, Suite 101, Mount Juliet, TN 37122",Net 30
41629733969_KW-Ten4 HV Addendum 081821.docx.pdf,Hosted Voice Service Order Form,Service Agreement,Service provisioning,"Distributed Computing, Inc. dba Ten4",Provider,Keller Williams Cornerstone Realty,Customer,Not specified.,8/20/2021,36,month-to-month,369.75,790,Hosted voice equipment and services,"2230 US Highway 206, Suite 4, Belle Mead, NJ 08502",Payable at the beginning of each monthly billing cycle and are due net thirty (30) days from the date of the invoice. Services may be suspended if payment is not received within thirty (30) days following date due.
41630585234_Charadan.NY-Ten4 HV Addendum 090121.docx.pdf,Hosted Voice Addendum,Addendum,Service provisioning,"Distributed Computing, Inc. dba Ten4",Provider,"Chardan Capital Markets, LLC",Customer,Not specified.,9/1/2021,36,month-to-month,2076.13,2162.5,Hosted voice equipment and services,"17 State Street, New York, NY 10004",Net 30
441607440917_Tipco Manassas-Ten4 HV Addendum 120320-FE.pdf,Hosted Voice Addendum,Addendum,Service provisioning,"Distributed Computing, Inc. dba Ten4",Provider,"Tipco Technologies, Inc.",Customer,12/3/2020,12/3/2020,36,month-to-month,$65.72 ,$799.95 ,"Hosted Voice Services, Business Complete Seat w/phone, Polycom VVX 350 - Upcharge, On-site installation (half day), Remote Setup for Virtual PBX and VoIP services","9501 Discovery Blvd., Suites 110 &115, Manassas, VA 20109",Payable monthly in advance at the beginning of each month and are due net thirty (30) days from the date of the invoice.
441607624650_KCPS-Ten4 HV Addendum 102820 (3).pdf,Hosted Voice Addendum,Addendum,Service provisioning,"Distributed Computing, Inc. dba Ten4",Provider,Kent County Public Schools,Customer,Not specified,10/29/2020,36,month-to-month,"$3,210.99 ",$0.00 ,Hosted voice equipment and services,"5608 Boundary Avenue, Rock Hall, MD 21661","Payable monthly in advance, net thirty (30) days from the date of the invoice."
61587065311_Adams Property Williamsburg_Ten4_Hosted Addendum-FE.pdf,Addendum to Master Services Agreement,Addendum,Service provisioning,"Distributed Computing, Inc. dba Ten4",Provider,455 Merrimac Trail LLC,Customer,2/25/2020,3/2/2020,Not specified,1,Not specified,Not specified,"['Hosted Voice Services', 'SIP Trunk Bundling (with option for unlimited)', 'Hosted Fax', 'Additional DIDs and setup', 'Remote setup and configuration of Edgemarc device to support SIP trunking', 'Hosted Phones', 'Access to account information via Ten4 Portal']","['455 Merrimac Trail Williamsburg, VA 23185']",All bills are due within thirty (30) days upon receipt of Ten4 invoice.
61587065340_Adams Property Group-Ten4 MSA 01312020-FE.pdf,Master Services Agreement,Master Service Agreement,Service provisioning,"Distributed Computing, Inc. dba Ten4",Provider,Adams Property Group,Customer,Not specified.,2/4/2020,60,Not specified.,Not specified.,Not specified.,Services specified in each Addendum and SOF,"2298 Mt. Pleasant Street, Charleston, SC 29403",Customer will pay all Charges as set forth in the SOF for that Service and shall pay according to the terms and conditions set forth in the Addendum for that Service.
61587066096_Adams Property Group-Ten4 MSA 01312020-FE.pdf,Master Services Agreement,Master Service Agreement,Service provisioning,"Distributed Computing, Inc. dba Ten4",Provider,Adams Property Group,Customer,Not specified.,2/4/2020,60,Not specified.,Not specified.,Not specified.,Services specified in each Addendum and SOF,"2298 Mt. Pleasant Street, Charleston, SC 29403",Customer will pay all Charges as set forth in the SOF for that Service and shall pay according to the terms and conditions set forth in the Addendum for that Service.
61587134125_Adams Property Group-Ten4 MSA 01312020-FE.pdf,Master Services Agreement,Master Service Agreement,Service provisioning,"Distributed Computing, Inc. dba Ten4",Provider,Adams Property Group,Customer,Not specified.,2/4/2020,60,Not specified.,Not specified.,Not specified.,Services specified in each Addendum and SOF,"2298 Mt. Pleasant Street, Charleston, SC 29403",Customer will pay all Charges as set forth in the SOF for that Service and shall pay according to the terms and conditions set forth in the Addendum for that Service.
61587134193_Adams Property Group-Ten4 MSA 01312020-FE.pdf,Master Services Agreement,Master Service Agreement,Service provisioning,"Distributed Computing, Inc. dba Ten4",Provider,Adams Property Group,Customer,Not specified.,2/4/2020,60,Not specified.,Not specified.,Not specified.,Services specified in each Addendum and SOF,"2298 Mt. Pleasant Street, Charleston, SC 29403",Customer will pay all Charges as set forth in the SOF for that Service and shall pay according to the terms and conditions set forth in the Addendum for that Service.
61587136520_James A Quick-Ten4 MSA 022420-FE.pdf,MASTER SERVICES AGREEMENT,Master Service Agreement,service provisioning,"Distributed Computing, Inc. dba Ten4",provider,"James A. Quick, Inc",customer,Not specified.,4/17/2020,60,Not specified.,Not specified.,Not specified.,Services specified in each Addendum and SOF,Not specified.,Customer will pay all Charges as set forth in the SOF for that Service and shall pay according to the terms and conditions set forth in the Addendum for that Service.
61587138059_Yuma_Ten4_Mult Serv Add 031220-FE.pdf,Addendum to Master Services Agreement,Master Service Agreement,Service provisioning,"Distributed Computing, Inc. dba Ten4",Provider,Yuma Center,Customer,Not specified.,Not specified.,36,month-to-month,$270.00 ,$795.00 ,"Hosted Voice & Fax Solutions, Services Administration Options (NOC, Billing Aggregation, Project Mgmt)","4101 Yuma Street NW, Washington, DC 20016",Net 30 days from the date of the invoice. Amounts not paid when due may accrue interest at a rate of 1.5% per month.
61587139584_W.F. Chesley Real Estate_Ten4_MSA-FE.pdf,Master Services Agreement,Master Service Agreement,Service provisioning,"Distributed Computing, Inc. dba Ten4",Provider,"W.F. Chesley Real Estate, LLC",Customer,Not specified.,3/5/2020,60,Not specified.,Not specified.,Not specified.,Services specified in each Addendum and SOF,"1641 Route 3 North, Suite 202, Crofton MD 21114",As set forth in the Addendum for that Service
61587670538_Adams Property Group-Ten4 MSA 01312020-FE.pdf,Master Services Agreement,Master Service Agreement,Service provisioning,"Distributed Computing, Inc. dba Ten4",Provider,Adams Property Group,Customer,Not specified.,2/4/2020,60,Not specified.,Not specified.,Not specified.,Services specified in each Addendum and SOF,"2298 Mt. Pleasant Street, Charleston, SC 29403",Customer will pay all Charges as set forth in the SOF for that Service and shall pay according to the terms and conditions set forth in the Addendum for that Service.
61588793890_Adams-Ten4 HV Addendum 020320-FE.pdf,Addendum to Master Services Agreement,Addendum,Service provisioning,"Distributed Computing, Inc. dba Ten4",Provider,Adams Property Group,Customer,5/1/2020,5/6/2020,Not specified,1,Not specified,Not specified,"Hosted Voice Services, SIP Trunk Bundling (with option for unlimited), Hosted Fax, Additional DIDs and setup, Remote setup and configuration of Edgemarc device to support SIP trunking, Hosted Phones, Access to account information via Ten4 Portal","2077 Calhoun Road, Greenwood, SC 29649; 1758 St. Matthews Road, Orangeburg, SC 29118; 318 Johnny Mercer Blvd., Bldg B, Savannah, GA 31410; 365 Keowee School Road, Seneca, SC 29672; 2254 Sandifer Blvd., Westminster, SC 29696",All bills are due within thirty (30) days upon receipt of Ten4 invoice.
61588793995_Adams-Ten4 HV Addendum 020320-FE.pdf,Addendum to Master Services Agreement,Addendum,Service provisioning,"Distributed Computing, Inc. dba Ten4",Provider,Adams Property Group,Customer,5/1/2020,5/6/2020,Not specified,1,Not specified,Not specified,"Hosted Voice Services, SIP Trunk Bundling (with option for unlimited), Hosted Fax, Additional DIDs and setup, Remote setup and configuration of Edgemarc device to support SIP trunking, Hosted Phones, Access to account information via Ten4 Portal","2077 Calhoun Road, Greenwood, SC 29649; 1758 St. Matthews Road, Orangeburg, SC 29118; 318 Johnny Mercer Blvd., Bldg B, Savannah, GA 31410; 365 Keowee School Road, Seneca, SC 29672; 2254 Sandifer Blvd., Westminster, SC 29696",All bills are due within thirty (30) days upon receipt of Ten4 invoice.
61588794116_Adams-Ten4 HV Addendum 020320-FE.pdf,Addendum to Master Services Agreement,Addendum,Service provisioning,"Distributed Computing, Inc. dba Ten4",Provider,Adams Property Group,Customer,5/1/2020,5/6/2020,Not specified,1,Not specified,Not specified,"Hosted Voice Services, SIP Trunk Bundling (with option for unlimited), Hosted Fax, Additional DIDs and setup, Remote setup and configuration of Edgemarc device to support SIP trunking, Hosted Phones, Access to account information via Ten4 Portal","2077 Calhoun Road, Greenwood, SC 29649; 1758 St. Matthews Road, Orangeburg, SC 29118; 318 Johnny Mercer Blvd., Bldg B, Savannah, GA 31410; 365 Keowee School Road, Seneca, SC 29672; 2254 Sandifer Blvd., Westminster, SC 29696",All bills are due within thirty (30) days upon receipt of Ten4 invoice.
61588794194_Adams-Ten4 HV Addendum 020320-FE.pdf,Addendum to Master Services Agreement,Addendum,Service provisioning,"Distributed Computing, Inc. dba Ten4",Provider,Adams Property Group,Customer,5/1/2020,5/6/2020,Not specified,1,Not specified,Not specified,"Hosted Voice Services, SIP Trunk Bundling (with option for unlimited), Hosted Fax, Additional DIDs and setup, Remote setup and configuration of Edgemarc device to support SIP trunking, Hosted Phones, Access to account information via Ten4 Portal","2077 Calhoun Road, Greenwood, SC 29649; 1758 St. Matthews Road, Orangeburg, SC 29118; 318 Johnny Mercer Blvd., Bldg B, Savannah, GA 31410; 365 Keowee School Road, Seneca, SC 29672; 2254 Sandifer Blvd., Westminster, SC 29696",All bills are due within thirty (30) days upon receipt of Ten4 invoice.
61588794275_Adams-Ten4 HV Addendum 020320-FE.pdf,Addendum to Master Services Agreement,Addendum,Service provisioning,"Distributed Computing, Inc. dba Ten4",Provider,Adams Property Group,Customer,5/1/2020,5/6/2020,Not specified,1,Not specified,Not specified,"Hosted Voice Services, SIP Trunk Bundling (with option for unlimited), Hosted Fax, Additional DIDs and setup, Remote setup and configuration of Edgemarc device to support SIP trunking, Hosted Phones, Access to account information via Ten4 Portal","2077 Calhoun Road, Greenwood, SC 29649; 1758 St. Matthews Road, Orangeburg, SC 29118; 318 Johnny Mercer Blvd., Bldg B, Savannah, GA 31410; 365 Keowee School Road, Seneca, SC 29672; 2254 Sandifer Blvd., Westminster, SC 29696",All bills are due within thirty (30) days upon receipt of Ten4 invoice.
61588856859_Tipco_Ten4_MSA 041720-FE.pdf,MASTER SERVICES AGREEMENT,Master Service Agreement,service provisioning,"Distributed Computing, Inc. dba Ten4",provider,"Tipco Technologies, Inc.",customer,Not specified.,4/22/2020,60,Not specified.,Not specified.,Not specified.,Services specified in each Addendum and SOF,"11412 Cronhill Drive, Owings Mills, MD 21117",Customer will pay all Charges as set forth in the SOF for that Service and shall pay according to the terms and conditions set forth in the Addendum for that Service.
61589567369_Indel WBD-Ten4 HV Addendum 033020-FE.pdf,Addendum to Master Services Agreement,Addendum,Service provisioning,"Distributed Computing, Inc. dba Ten4",Provider,Indel Power Group LLC dba Western Branch Diesel,Customer,4/29/2020,5/12/2020,Not specified,1,Not specified,Not specified,"Hosted Voice Services, SIP Trunk Bundling (with option for unlimited), Hosted Fax, Additional DIDs and setup, Remote setup and configuration of Edgemarc device to support SIP trunking, Hosted Phones, Access to account information via Ten4 Portal","2011 Corp Drive, Portsmouth, VA 23703",All bills are due within thirty (30) days upon receipt of Ten4 invoice.
61590077188_Indel-Ten4 MSA 051820-FE.pdf,MASTER SERVICES AGREEMENT,Master Service Agreement,service provisioning,"Distributed Computing, Inc. dba Ten4",provider,Indel Power Group LLC,customer,Not specified.,5/19/2020,60,Not specified.,Not specified.,Not specified.,Services specified in each Addendum and SOF,Not specified.,Customer will pay all Charges as set forth in the SOF for that Service and shall pay according to the terms and conditions set forth in the Addendum for that Service.
61590077286_Indel-Ten4 MSA 051820-FE.pdf,MASTER SERVICES AGREEMENT,Master Service Agreement,service provisioning,"Distributed Computing, Inc. dba Ten4",provider,Indel Power Group LLC,customer,Not specified.,5/19/2020,60,Not specified.,Not specified.,Not specified.,Services specified in each Addendum and SOF,Not specified.,Customer will pay all Charges as set forth in the SOF for that Service and shall pay according to the terms and conditions set forth in the Addendum for that Service.
61590091717_Indel-Ten4 MSA 051820-FE.pdf,MASTER SERVICES AGREEMENT,Master Service Agreement,service provisioning,"Distributed Computing, Inc. dba Ten4",provider,Indel Power Group LLC,customer,Not specified.,5/19/2020,60,Not specified.,Not specified.,Not specified.,Services specified in each Addendum and SOF,"3504 Shipwright Street, Portsmouth, VA 23703",Customer will pay all Charges as set forth in the SOF for that Service and shall pay according to the terms and conditions set forth in the Addendum for that Service.
61590519817_Tipco Vineland-Ten4 Multi Svc Addendum 041720-FE.pdf,Addendum to Master Services Agreement,Addendum,Service provisioning,"Distributed Computing, Inc. dba Ten4",Provider,"Tipco Technologies, Inc.",Customer,4/1/2020,Not specified.,36,month-to-month,$457.40 ,"$2,345.98 ","Managed Services, Hosted Voice Solutions, SIERRA WIRELESS FIXED CELLULAR (INTERNET ACCESS)","1880 North Delsea Drive, Suite T14, Vineland, NJ 08360",Net 30 days
61590519907_Tipco_Ordnance-Ten4_MultiSvc_Addendum_042220-FE.pdf,Master Services Agreement,Addendum,Service provisioning,"Distributed Computing, Inc. dba Ten4",Provider,"Tipco Technologies, Inc.",Customer,4/5/2020,Not specified,36,Month-to-month,$267.90 ,"$1,424.00 ","Managed Services, Hosted Voice & Fax Solutions, SIERRA WIRELESS FIXED CELLULAR (INTERNET ACCESS)","715 Ordnance Road, Baltimore, MD 21226",Net 30 days
61590522031_Indel-Ten4 MSA 051820-FE.pdf,MASTER SERVICES AGREEMENT,Master Service Agreement,service provisioning,"Distributed Computing, Inc. dba Ten4",provider,Indel Power Group LLC,customer,Not specified.,5/19/2020,60,Not specified.,Not specified.,Not specified.,Services specified in each Addendum and SOF,"3504 Shipwright Street, Portsmouth, VA 23703",Customer will pay all Charges as set forth in the SOF for that Service and shall pay according to the terms and conditions set forth in the Addendum for that Service.
61591047860_Caring People-Ten4 MultiSvc Addendum 022520-FE.pdf,Addendum to Master Services Agreement,Addendum,Service provisioning,"Distributed Computing, Inc. dba Ten4",Provider,Caring People Alliance,Customer,2/27/2020,2/27/2020,36,month-to-month,"$8,875.40 ","$2,500.00 ","['Managed Services', 'Hosted Voice Solutions', 'Connectivity (through Fusion)', 'Billing Aggregation Services']",Sites listed in the SOF,Net 30 days
61591900857_EA-Ten4 MSA 051820.pdf,MASTER SERVICES AGREEMENT,Master Service Agreement,service provisioning,"Distributed Computing, Inc. dba Ten4",provider,"Education Affiliates, Inc.",customer,Not specified.,5/19/2020,60,Not specified.,Not specified.,Not specified.,Services specified in each Addendum and SOF,Not specified.,Customer will pay all Charges as set forth in the SOF for that Service and shall pay according to the terms and conditions set forth in the Addendum for that Service.
61591900958_EA-Ten4 HV Addendum 051820.pdf,Addendum to Master Services Agreement,Service Agreement,Service provisioning,"Distributed Computing, Inc. dba Ten4",Provider,"Education Affiliates, Inc.",Customer,5/19/2020,5/19/2020,36,month-to-month,30040.25,447547.95,"Hosted Voice Services, Business Complete package, Edgemarc C2E Licensing & Monitoring, Domestic Toll-Free Number, Yealink T46S Phone, On-site installation, Remote Setup for Virtual PBX and VoIP services","5026-D Campbell Boulevard, Nottingham, MD 21236",Due within 30 days upon receipt of invoice
61591900980_EA-Ten4 HV Addendum-2 060520-FE.pdf,Single Page Hosted Voice Contract Addendum,Service Agreement,Service provisioning,"Distributed Computing, Inc. dba Ten4",Provider,"Education Affiliates, Inc.",Customer,Not specified.,6/11/2020,36,month-to-month,499.5,12800,"Hosted voice equipment and services, Ten4 Contact Center Seat (voice only), Yealink T54W phones with power supply, REMOVE Yealink T46S phone with power supply, Ten4 Contact Center Setup","5026-D Campbell Blvd., Nottingham, MD 21236",Due within thirty (30) days upon receipt of Ten4 invoice.
61599854067_Corp Coverage-Ten4 HV Addendum 080520-FE.pdf,Hosted Voice Addendum,Addendum,Service provisioning,"Distributed Computing, Inc. dba Ten4",Provider,"Corporate Coverage, LLC",Customer,Not specified.,8/5/2020,36,month-to-month,$403.82 ,$820.00 ,"['Hosted Voice Services', 'Business Pro Seat w/phone (reduced)', 'POTS Complete', 'Yealink T46S w/Power Supply - Upcharge', 'Yealink T54W w/Fower Supply - Upcharge', 'Yealink T57W w/Fower Supply', 'Voicemail Transcription', 'Domestic Toll-Free Number', 'EdgeMarc 2900a (C2E)', 'Edgemarc C2E Licensing & Monitoring', 'Emergency Seat']","['2219 York Rd., Suite 302, Lutherville Timonium MD 21093']","Payable monthly in advance, net thirty (30) days from the date of the invoice."
61607978761_Adams.Augusta-Ten4 HV Site License Addendum-FE.pdf,Hosted Voice Site License Addendum,Addendum,Service provisioning,"Distributed Computing, Inc. dba Ten4",Provider,"Storage Units Augusta, LLC",Customer,Not specified.,8/18/2020,36,month-to-month,240,"1,465.00","Hosted Voice Solution, Wireless Broadband Backup","159 Cooper Drive, Augusta, GA 30907",Net 30 days
61607978800_Adams.NOBT Kissimmee-Ten4 HV Site License Addendum-FE.pdf,Hosted Voice Site License Addendum,Addendum,Service provisioning,"Distributed Computing, Inc. dba Ten4",Provider,"Storage at NOBT & Osceola Parkway, LLC",Customer,8/13/2020,8/18/2020,36,month-to-month,$240.00 ,"$1,465.00 ","HOSTED VOICE SOLUTION, WIRELESS BROADBAND BACKUP (INTERNET ACCESS)","2965 N Orange Blossom Trail, Kissimmee, FL 34744",Net thirty (30) days from the date of the invoice
61607978831_Adams.Jacksonville-Ten4 HV Site License Addendum-FE.pdf,Hosted Voice Site License Addendum,Addendum,Service provisioning,"Distributed Computing, Inc. dba Ten4",Provider,"Storage Units Jacksonville, LLC",Customer,Not specified.,8/18/2020,36,month-to-month,240,1465,"Hosted Voice Solution, Wireless Broadband Backup (Internet Access)","5751 Beach Blvd., Jacksonville, FL 32207",Net 30 days
61607978869_Adams.Robinhood-Ten4 Site License Agmt 102020-FE.pdf,Hosted Voice Site License Addendum,Addendum,Service provisioning,"Distributed Computing, Inc. dba Ten4",Provider,"5109 Robinhood Village LP, LLC",Customer,Not specified.,10/29/2020,36,month-to-month,$300.00 ,"$1,465.00 ","Hosted Voice Solution, Wireless Broadband Backup (Internet Access), Administrative Services, NOC Services, Billing Aggregation","5109 Robinhood Village Drive, Winston-Salem, NC 27106",Net 30 days
61607978904_Adams.Grand Oak-Ten4 Site License Agmt 110220-FE.pdf,Hosted Voice Site License Addendum,Addendum,Service provisioning,"Distributed Computing, Inc. dba Ten4",Provider,45 Grand Oaks Storage LLC,Customer,Not specified.,11/3/2020,36,month-to-month,$300.00 ,"$1,465.00 ","Hosted Voice Solution, Wireless Broadband Backup (Internet Access), Administrative Services, NOC Services, Billing Aggregation","45 Grand Oaks Blvd., Charleston, SC 29414",Net 30 days
61607978923_Adams.Oakbrook-Ten4 Site License Agmt 110420-FE.pdf,Hosted Voice Site License Addendum,Addendum,Service provisioning,"Distributed Computing, Inc. dba Ten4",Provider,Oakbrook Managers LLC,Customer,11/6/2020,11/6/2020,36,month-to-month,240,1250,"Hosted Voice Solution, Wireless Broadband Backup (Internet Access)","760 Travelers Blvd., Summerville, SC 29485",Net 30 days
61607992183_AdamsProp-Ten4 Admin Svcs Addendum 082120-FE.pdf,Administration Services Addendum,Addendum,Service provisioning,"Distributed Computing, Inc. dba Ten4",Provider,Adams Property Group,Customer,Not specified.,8/21/2020,36,month-to-month,$450.00 ,NONE,"BILLING AGGREGATION, NOC SERVICES","670 E Pine Log Road, Aiken, SC 29803
1402 Brevard Road, Asheville, NC 28806
159 Cooper Drive, Augusta, GA 30907
128 Highway 96, Bonaire, GA 31005
4731 Washington Road, Evans, GA 30809
4731 Washington Road, Evans, GA 30809
2077 Calhoun Road, Greenwood, SC 29649
5751 Beach Blvd., Jacksonville, FL 32207
2965 N Orange Blossom Trail, Kissimmee, FL 34744
760 Travelers Blvd., Summerville, SC 29485
6606 Ocean Highway West, Ocean Isle Beach, NC 28469
365 Keowee School Road, Seneca, SC 29672
1758 St. Matthews Road, Orangeburg, SC 29118
1176 Clements Ferry Road, Wando, SC 29492
2254 Sandifer Blvd., Westminster, SC 29693","Invoices are payable monthly in advance at the beginning of each month, and are due net thirty (30) days from the date of the invoice. Services may be suspended if payment is not received within thirty (30) days following date due."
91589678502_Vineland Signed Contracts for WBG and Hosted 041720 copy.pdf,Addendum to Master Services Agreement,Addendum,Service provisioning,"Distributed Computing, Inc. dba Ten4",Provider,"Tipco Technologies, Inc.",Customer,4/1/2020,Not specified.,36,month-to-month,$457.40 ,"$2,345.98 ","Managed Services, Hosted Voice Solutions, SIERRA WIRELESS FIXED CELLULAR (INTERNET ACCESS)","1880 North Delsea Drive, Suite T14, Vineland, NJ 08360",Net 30 days
20171727800489_SMC - Equinix GTC Final - PE 09.27.24.pdf,Master Country Agreement,Master Service Agreement,Service provisioning,Equinix LLC,Provider,Select Medical Corporation,Customer,Not specified.,9/27/2024,Not specified.,Not specified.,Not specified.,Not specified.,"Colocation, Licensed Space, Power, Cross Connects, Smart Hands",IBX Center,Net 30
20171727801434_SMC - Equinix GTC Final - PE 09.27.24.pdf,Master Country Agreement,Master Service Agreement,Service provisioning,Equinix LLC,Provider,Select Medical Corporation,Customer,Not specified.,9/27/2024,Not specified.,Not specified.,Not specified.,Not specified.,"Colocation, power, cross connects, cooling, fire protection, physical security, smart hands",IBX Centers,Net 30 days
20171727800556_SMC - Equinix MCA Final - PE 09.27.24.pdf,Main Country Agreement (United States),Master Service Agreement,Service provisioning,Equinix LLC,Provider,Select Medical Corporation,Customer,9/23/2024,9/27/2024,Not specified.,Not specified.,Not specified.,Not specified.,Use of Licensed Space and Services,United States,Not specified.
20171727801454_SMC - Equinix MCA Final - PE 09.27.24.pdf,Main Country Agreement (United States),Master Service Agreement,Service provisioning,Equinix LLC,Provider,Select Medical Corporation,Customer,9/23/2024,9/27/2024,Not specified.,Not specified.,Not specified.,Not specified.,Use of Licensed Space and Services,United States,Not specified.
20171723812470_Titanium Processing T & C's.pdf,MERCHANT SERVICES AGREEMENT,Service Agreement,Service provisioning,FIFTH THIRD BANK,Provider,Merchant,Customer,Not specified.,Not specified.,36,36,Not specified.,Not specified.,"Activities undertaken by Bank to authorize, process and settle Card transactions undertaken by Cardholders at Merchant's location(s), and all other services provided by Bank under this Agreement.",Merchant's location(s),"Merchant shall pay to Bank all fees specified on Schedule A, as amended by Bank from time to time. For each Transaction, Bank will charge Merchant as follows: (a) An amount (""Merchant Discount Fees"") equal to a specified percentage of the total cash price of each sales and cash withdrawal Transaction (""Merchant Discount Rate""); (b) A specified amount per Transaction (""Transaction Fee""); and (c) A specified amount per Authorization (""Authorization Fee"")."
19561688057706_AOF TECH FORM (TSF) Updated 12.7.22.pdf,Technical Selections Form,Service Agreement,Service Provisioning,"Frontier Communications of America, Inc.",Provider,Cavender Auto Country CBG,Customer,Not specified.,6/15/2023,Not specified.,Not specified.,Not specified.,Not specified.,"Circuit Hand Off/IP Topology, SIP Order","1700 IH-10 East, Weimar, TX 78962",Not specified.
20171656447367_TOS - DBA Ten4 for Select Rehab Denton_partially executed 06282022.pdf,Frontier Services Agreement,Service Agreement,Service provisioning,"Frontier Communications of America, Inc.",Provider,Select Medical Corporation DBA: Ten4 for Select Rehabilitation Hospital of Denton,Customer,Not specified.,6/28/2022,Not specified.,Not specified.,Not specified.,Not specified.,Telecommunications services,"2620 Scripture Street Denton, Tx 76207",Not specified.
20171662126771_TOS-Select Medical Corporation dba Ten4 for SPT - Danbury CT_fully executed 09012022.pdf,Frontier Services Agreement,Service Agreement,Service provisioning,"Frontier Communications of America, Inc.",Provider,Select Medical Corporation dba Ten4 for SPT - Danbury CT,Customer,9/1/2022,9/1/2022,Not specified,Not specified,Not specified,Not specified,Telecommunications services,"30 Germantown Rd, Ste 1 A, Danbury, CT 06810",Not specified
19561687976725_amended_FSA_Southeastern_Paper_Group_26May2023_(003).pdf,Frontier Services Agreement,Service Agreement,Service provisioning,"Frontier Communications of America, Inc.",Provider,Southeastern Paper Group,Customer,5/25/2023,6/28/2023,Not specified,1,Specified in Schedules,Specified in Schedules,"Communications, installation and maintenance services","7080 Havertys Way, Lakeland, Florida, 33805",Due within 30 days of the invoice date; late payments subject to a late payment fee of the lesser of 1.5% per month or the maximum allowed by law.
19561687976725_Southeastern_Paper_Group_Ethernet_Schedule_-_2023-05-25T140744.012.pdf,Ethernet Virtual Private Line (EVPL) Dedicated Internet Access (DIA),Service Agreement,service provisioning,"Frontier Communications of America, Inc.",provider,Southeastern Paper Group,customer,5/25/2023,6/28/2023,36,Not specified.,$800.00 ,$0.00 ,"Dedicated Internet Access (DIA), Ethernet Virtual Private Line (EVPL)","7080 Havertys Way, Lakeland, FL 338051413",Not specified.
20171662126745_Frontier Fiber Contract - FSA for Danbury CT_partially executed 09012022.pdf,Frontier Services Agreement,Service Agreement,Service provisioning,"Frontier Communications of America, Inc.",Provider,Select Medical Corporation dba Ten4 for SPT - Danbury CT,Customer,8/31/2022,9/1/2022,Not specified,12,Set forth in the Schedules,Set forth in the Schedules,"Communications, installation and maintenance services, equipment purchase or lease","Danbury, CT",Customer shall pay all charges set forth in the Schedules and in applicable tariffs during the Service Term.
41633002146_FSA - The Peterbilt Store SCT_signed.pdf,Frontier Services Agreement,Service Agreement,Service provisioning,"Frontier Communications of America, Inc.",Provider,"The Peterbilt Store, LLC",Customer,9/28/2021,9/28/2021,Not specified.,12,Yes,Yes,"Communications, installation and maintenance services","120 Universal Drive, North Haven, Connecticut, 06473","Customer shall pay all charges set forth in the Schedules and in applicable tariffs during the Service Term. Frontier will invoice Customer any non-recurring charges (""NRC""), monthly recurring charges (""MRC""), and usage based charges."
19561688057706__Customer_Conduit_Agreement_updated_4.28.23.pdf,Customer Conduit Agreement,Service Agreement,Service provisioning,"Frontier Communications Parent, Inc.",Provider,Ben Stillwagon,Customer,Not specified.,6/26/2023,Not specified.,Not specified.,Not specified.,Not specified.,"Cable placement, demarc extensions",Customer's property,Not specified.
20171709911628_PE 03072024 Grayson Collins Communication MSA.pdf,MASTER SERVICE AGREEMENT,Master Service Agreement,service provisioning,Grayson Collin Communications,Service Provider,Select Medical Corporation,Purchaser,1/17/2024,3/7/2024,Not specified.,Not specified.,Not specified.,Not specified.,communications services,Not specified.,Amounts owed by Purchaser shall be paid within 16 days after the date of invoice
20171695129145_GTT - Concentra Secondary Project - Colorado Springs CO MSA_PE09182023.pdf,Master Service Agreement,Master Service Agreement,Service provisioning,"GTT Americas, LLC",Provider,Concentra Health Services Inc.,Client,Not specified.,9/18/2023,Not specified.,1,Specified in the SOF,Specified in the SOF,"Telecommunications, information, or ancillary services","Addison, TX 75001, USA","Due upon receipt, payable by company check or electronic transfer in available funds. Net 30 days."
91583946507_Concentra - Hypercore MSA FINAL 7.9.2018.pdf,Terms and Conditions,Service Agreement,Service provisioning,"Hypercore Networks, Inc.",Provider,"Concentra Health Services, Inc.",Customer,Not specified.,7/9/2018,12,12,Not specified.,$400.00 pre-installation cancellation fee for DSL or Cable Modem service; $300 charge for re-installation and related costs for customer move; $20.00 shipping and handling charge; $99.00 charge for cancelled installation appointment,"Broadband, Digital Subscriber Lines (DSL), Cable Modem service, T1 (or DS1) connections, DS3, Ethernet",Not specified.,"Services are billed thirty (30) days in advance. Any balance past-due will be billed at 1.5% per month finance charge. A minimum of $100.00 disconnect/reconnect fees will be assessed on all balances exceeding forty-five (45) days past due, plus applicable finance charges."
20171699993616_Lingo-Select Medical-Lingo Master Services Agmt - Fully Executed.pdf,Master Services Agreement,Master Service Agreement,service provisioning,"LINGO TELECOM, LLC. DBA LINGO",provider,SELECT MEDICAL CORPORATION,customer,11/1/2023,11/2/2023,36,1,Not specified.,"installation charges, LEC installation charges, CPE charges, and any fees paid by LINGO on CUSTOMER's behalf to register and maintain domain names for CUSTOMER","Broadband, Managed Services, Digital Voice, POTS",United States of America,Net 30
20171699993928_Lingo-Select Medical-Lingo Master Services Agmt - Fully Executed.pdf,Master Services Agreement,Master Service Agreement,service provisioning,"LINGO TELECOM, LLC. DBA LINGO",provider,SELECT MEDICAL CORPORATION,customer,11/1/2023,11/2/2023,36,1,Not specified.,"installation charges, LEC installation charges, CPE charges, and any fees paid by LINGO on CUSTOMER's behalf to register and maintain domain names for CUSTOMER","Broadband, Managed Services, Digital Voice, POTS, Internet Access",facilities located in the United States of America,CUSTOMER shall compensate LINGO thirty (30) days subsequent to receipt of an invoice in accordance with the rates on Schedule A.
20171661279660_9880 W Flamingo Rd.pdf,Master Service Agreement,Master Service Agreement,Service provisioning,Lumen,Provider,SELECT MEDICAL CORPORATION,Customer,Not specified.,Not specified.,24,month-to-month,$161.00 ,$99.00 ,Fiber+ Internet,"9880 W FLAMINGO RD, LAS VEGAS, NEVADA 89147 USA",Not specified.
20171670363275_SLA - Business Fiber Premium.pdf,ADDENDUM REGARDING SERVICE LEVEL AGREEMENT FOR BUSINESS FIBER PREMIUM SERVICE ONLY (FOR INTERNET AND WIDE AREA NETWORK ONLY),Addendum,Service provisioning,MetroNet,Provider,Customer,Customer,Not specified.,Not specified.,Not specified.,Not specified.,Not specified.,Not specified.,Business Fiber Premium Service (Internet and Wide Area Network),Customer Premises,Not specified.
91585069861_Midco MSA Novacare Clearwater MN 21956.pdf,MASTER SERVICE AGREEMENT,Master Service Agreement,service provisioning,Midcontinent Communications??,provider,NovaCare Rehab,customer,Not specified.,5/29/2019,Not specified.,12,specified in the Service Order,specified in the Service Order,Business Solutions Service,specified in Service Order,Payment for all charges within thirty (30) days of the invoice date.
19561642540924_Nitel MSA v6 20180404_Enterprise MTM_FINAL 1.14.2022[1].pdf,Master Service Agreement,Master Service Agreement,Service provisioning,NITEL INC.,Provider,"Concentra Health Services, Inc.",Customer,Not specified.,1/14/2022,Not specified.,1,Specified in the applicable Service Order or pricing attachment,Specified in the applicable Service Order or pricing attachment,Communications services,Not specified.,Due 30 days after the invoice date
19561644594670_19561642540924_Nitel MSA v6 20180404_Enterprise MTM_FINAL 1.14.2022[1].pdf,Master Service Agreement,Master Service Agreement,Service provisioning,NITEL INC.,Provider,"Concentra Health Services, Inc.",Customer,Not specified.,1/14/2022,Not specified.,month-to-month,Applicable Monthly Recurring Charges (MRCs),Non-recurring Charges (NRCS),communications services,Not specified.,Payment is due 30 days after the invoice date
19561645737094_Nitel MSA_partially executed 02132022.pdf,Master Service Agreement,Master Service Agreement,Service provisioning,NITEL INC.,Provider,SELECT MEDICAL CORPORATION,Customer,Not specified.,2/14/2022,Not specified.,month-to-month,Monthly Recurring Charges (MRCs),Non-recurring Charges (NRCS),communications services,Not specified.,Payment is due 30 days after the invoice date
19561670528167_Nitel MSA v6 20180404_Enterprise MTM_FINAL.docx.pdf,Master Service Agreement,Service Agreement,Service provisioning,NITEL INC.,Provider,"Autism Living Experience, LLC",Customer,Not specified.,12/7/2022,Not specified.,1,Specified in the applicable Service Order or pricing attachment.,Specified in the applicable Service Order or pricing attachment.,Communications services,Not specified.,Payment is due 30 days after the invoice date.
31679073582_Concentra_Nitel MSA v6_Fully Executed 20220307.pdf,Master Service Agreement,Master Service Agreement,Service provisioning,NITEL INC.,Provider,"Concentra Health Services, Inc.",Customer,Not specified.,3/7/2022,Not specified.,1,Applicable Monthly Recurring Charges (MRCs),Non-recurring Charges (NRCS),Communications services,Not specified.,Payment is due 30 days after the invoice date
41606864422_NitelAgreement_MSA_1-4.pdf,Master Service Agreement,Master Service Agreement,service provisioning,NITEL INC.,provider,Public Health Management Corporation,customer,Not specified.,5/21/2020,Not specified.,month-to-month,Not specified.,Not specified.,communications services,Not specified.,Payment is due 30 days after the invoice date
61637272625_Select Medical_Nitel MSA 20180525.pdf,Master Service Agreement,Master Service Agreement,Sets forth the general terms and conditions applicable to Customer's purchase of communications services from NITEL.,NITEL INC.,Provider,Select Medical Corporation,Customer,Not specified.,6/4/2019,Not specified.,Equal to the Initial Service Term,Applicable Monthly Recurring Charges (MRCs) set forth in the applicable Service Order or pricing attachment.,Non-recurring Charges (NRCs) set forth in the applicable Service Order or pricing attachment.,Communications services,Not specified.,Payment is due 30 days after the invoice date.
91583944812_Concentra Health Services - Nitel MSA - FINAL.pdf,Master Service Agreement,Master Service Agreement,Service provisioning,NITEL INC.,Provider,"Concentra Health Services, Inc.",Customer,Not specified.,6/1/2018,Not specified.,Not specified.,Applicable Monthly Recurring Charges (MRCs) set forth in the applicable Service Order or pricing attachment.,Non-recurring Charges (NRCS) set forth in the applicable Service Order or pricing attachment.,Communications services,"Addison, TX",Payment is due 30 days after the invoice date.
91583945347_Concentra Health Services - Nitel MSA - FINAL.pdf,Master Service Agreement,Master Service Agreement,Service provisioning,NITEL INC.,Provider,"Concentra Health Services, Inc.",Customer,Not specified.,6/1/2018,Not specified.,Not specified.,Applicable Monthly Recurring Charges (MRCs) set forth in the applicable Service Order or pricing attachment.,Non-recurring Charges (NRCS) set forth in the applicable Service Order or pricing attachment.,Communications services,Not specified.,Payment is due 30 days after the invoice date.
21541730496112_MSA Office for Catalyst Technology Group (CTG) 02-05-2021.pdf,MASTER SERVICES AGREEMENT,Master Service Agreement,service provisioning,"RingCentral, Inc.",provider,Catalyst Technology Group (CTG),customer,2/5/2021,2/5/2021,Not specified.,Not specified.,Not specified.,Not specified.,"Voice Services, Video and audio-conferencing service, Collaboration Tools, RingCentral Office Services",Not specified.,"Invoices will be issued in accordance with the payment terms set forth in the Order Form. If Customer chooses to pay by credit or debit card, by providing a valid credit or debit card, Customer is expressly authorizing all Services and equipment charges and fees to be charged to such payment card, including recurring payments billed on a monthly or annual basis."
19561736350067_Spectrotel -MSA Addendum Autorenewal.doc.pdf,Master Services Agreement and/or Service Agreement(s),Addendum,Service provisioning,Spectrotel Holding Company LLC,Provider,Powerback,Customer,1/8/2025,1/8/2025,Not specified.,12,Not specified.,Not specified.,Telephone services,Not specified.,Not specified.
1601593182435_Ped Eye Care-Ten4 MultiSvc 061520 (1).pdf,Addendum to Master Services Agreement,Addendum,Service provisioning,"Distributed Computing, Inc. dba Ten4",Provider,Pediatric Eye Care of Maryland,Customer,6/1/2020,Not specified,36,month-to-month,$498.95 ,$424.95 ,"Hosted Voice & Fax Solutions, Sierra Wireless Fixed Cellular (Internet Access), SIP Trunk Bundle, Local Number Porting, Remote PBX Setup, SBC Setup and Configuration, Sierra Cellular Broadband",17,Net 30 days
41592595876_Ped Eye Care-Ten4 MultiSvc 061520.pdf,Addendum to Master Services Agreement,Addendum,Service provisioning,"Distributed Computing, Inc. dba Ten4",Provider,Pediatric Eye Care of Maryland,Customer,6/1/2020,Not specified,36,month-to-month,$498.95 ,$424.95 ,"Hosted Voice & Fax Solutions, Sierra Wireless Fixed Cellular (Internet Access), SIP Trunk Bundle, Local Number Porting, Remote PBX Setup, SBC Setup and Configuration, Sierra Cellular Broadband",17,Net 30 days
441607693811_Oshinsky-Ten4 HV Add-On 112420----Signed.pdf,Ten4 Hosted Voice Add-On Addendum,Addendum,Service Provisioning,"Distributed Computing, Inc. dba Ten4",Provider,Alan E. Oshinsky MD PA,Customer,Not specified.,11/24/2020,Not specified.,1,$9.95 ,Not specified.,"Hosted Voice components, Virtual Extension (Hospital ext to ext dialing)","301 Saint Paul Place, Suite 612, Baltimore, MD 21202","Customer agrees to pay an additional Nine Dollars and Ninety-Five Cents ($9.95) per month for a revised total of Four Hundred Thirty Dollars and Twenty-Six Cents ($430.26) per month for the remainder of the Original Term, invoiced to Customer on a monthly basis."
61587136488_James A Quick-Ten4 HV Addm 022420-FE.pdf,Addendum to Master Services Agreement,Addendum,Service provisioning,"Distributed Computing, Inc. dba Ten4",Provider,"James A. Quick, lne",Customer,2/24/2020,4/17/2020,Not specified,1,Not specified,Not specified,"Hosted Voice Services, SIP Trunk Bundling (with option for unlimited), Hosted Fax, Additional DIDs and setup, Remote setup and configuration of Edgemarc device to support SIP trunking, Hosted Phones, Access to account information via Ten4 Portal",21 Newport Dr Suite A Forest Hill MD 21050,All bills are due within thirty (30) days upon receipt of Ten4 invoice.
20171701350491_Thrive MSA (10).pdf,MASTER SERVICES AGREEMENT,Master Service Agreement,service provisioning,"Thrive Operations, LLC",Provider,Cavender Auto,Client,11/30/2023,11/30/2023,Not specified.,Not specified.,Not specified.,Not specified.,"Services (including maintenance, support, security, hosting, procurement, development, integration, administrative and other services), Products (products and other goods, including hardware, software and other tangible and intangible items)","San Antonio, Texas; Foxborough, MA","Invoices for fees, charges and other amounts charged hereunder, whether for Products, Services or otherwise, will be due and payable in full within thirty (30) days of the date of invoice therefor."
41630436735_FranciscoPartners_MSA_v4a - signed.pdf,Master Services Agreement,Master Service Agreement,Service provisioning,"Thrive Operations, LLC",Provider,"Francisco Partners Management, L.P.",Client,7/7/2021,8/25/2021,Not specified.,Not specified.,Not specified.,Not specified.,"Maintenance, support, security, hosting, procurement, development, integration, administrative and other services",Not specified.,Net 30
41630436962_FranciscoPartners_MSA_v4a - signed.pdf,Master Services Agreement,Master Service Agreement,Service provisioning,"Thrive Operations, LLC",Provider,"Francisco Partners Management, L.P.",Client,7/7/2021,8/25/2021,Not specified,Not specified,Not specified,Not specified,"Maintenance, support, security, hosting, procurement, development, integration, administrative and other services",Not specified,Net 30
41631542146_2021-09-04_Denham Cap_Master Agreement_Clean.pdf,MASTER SERVICES AGREEMENT,Master Service Agreement,service provisioning,"Thrive Operations, LLC",Provider,Denham Capital Management LP,Client,9/10/2021,9/10/2021,Not specified.,Not specified.,Not specified.,Not specified.,"Maintenance, support, security, hosting, procurement, development, integration, administrative and other services",Not specified.,Net 30
61718237967_2189554-USAD-MSA_(1).pdf,Master Services Agreement,Master Service Agreement,service provisioning,"USA Digital Communications, Inc.",Provider,JAS Worldwide,Customer,6/9/2023,4/9/2023,Not specified.,month-to-month,Not specified.,"installation charges, per-minute-of-use charges, one-time non-recurring charges (NRC) or monthly-recurring charges (MRC)","Services offered by USAD to Customer for purchase are described in the Service Agreement and/or Service Orders executed by both parties (the ""Services""). The Services may consist of services provided directly by USAD and also of services procured by USAD from third party suppliers.","6195 Barfield Rd. Atlanta, Ga. 30328","Invoices will be due on the date specified on the invoice (""Due Date"")."
19561656621775_Verizon Master Sales Order Form.pdf,U.S. Services Agreement,Master Service Agreement,Service provisioning,Verizon Business Network Services LLC,Provider,"TREX COMPANY, INC",Customer,Not specified.,6/30/2022,36,Not specified.,5863,0,"['Access (Interstate)', 'Access +', 'Internet Dedicated', 'Internet Dedicated +']","['160 EXETER DR, WINCHESTER, VA 22603-8614', '181 BATTAILE DR, WINCHESTER, VA 22601-4293', '331 APPLE VALLEY RD, WINCHESTER, VA 22602-2408', '3257 VALLEY PIKE, WINCHESTER, VA 22602-5303', '385 BATTAILE DR, WINCHESTER, VA 22601-4262', '184 CAPITOL LN, WINCHESTER, VA 22602-2437', '351 APPLE VALLEY RD, WINCHESTER, VA 22602-2408']",Not specified.
41615238671_G91523-00_4830_USSA_Master_SOF-TsCs+Pricing (Signed).pdf,Master Service Order Form to the U.S. Services Agreement,Master Service Agreement,Service provisioning,Verizon Business Network Services LLC,Provider,"HORD COPLAN MACHT, INC.",Customer,Not specified.,3/4/2021,36,Not specified.,975,0,"['Access (Interstate)', 'Internet Dedicated']","['700 E PRATT ST, STE 1200, BALTIMORE, MD 21202-4917, United States']",Not specified.
41618247045_SIGNED_Verizon Master Service Order Form.pdf,Master Service Order Form to the U.S. Services Agreement,Master Service Agreement,service provisioning,Verizon Business Network Services LLC,provider,ELLIOTT-LEWIS CORPORATION,customer,Not specified.,4/5/2021,36,Not specified.,975,0,"Access +, Internet Dedicated +","2900 BLACK LAKE PL, PHILADELPHIA, PA 19154-1018, United States",Not specified.
41596801139_2_Viasat-business-customer-agreement_-_Signed.pdf,Subscriber Agreement,Service Agreement,Service provisioning,"Viasat, Inc.",Provider,Storage at NOBT,Customer,Not specified.,Not specified.,24,month-to-month,"Monthly Fee, Monthly Lease Fee","Installation fee, Unreturned Equipment Fee",Satellite based Internet access service,Subscriber Premises,Card Payment or EFT Payment
20171660751961_PE_Zoom MSA Select Medical final[20].pdf,Master Subscription Agreement,Master Service Agreement,Service provisioning,"Zoom Video Communications, Inc.",Provider,Select Medical Corporation,Customer,5/22/2020,5/21/2020,Not specified.,Not specified.,Not specified.,Not specified.,"Zoom Meeting Services, Zoom Phone Services",Not specified.,Net 30 days
20171660855259_20171660751961_PE_Zoom MSA Select Medical final[20].pdf,Master Subscription Agreement,Master Service Agreement,Service provisioning,"Zoom Video Communications, Inc.",Provider,Select Medical Corporation,Customer,5/22/2020,5/21/2020,Not specified.,Not specified.,Not specified.,Not specified.,"Zoom Meeting Services, Zoom Phone Services",Not specified.,Net 30 days
