source_filename,Agreement Name,Agreement Classification,Agreement Purpose,Party1 Name,Party1 Role,Party2 Name,Party2 Role,Effective Date,Signature Date,Term,Renewal Term,Recurring Monthly Charges,Nonrecurring Charges,Services,Locations,Payment Terms,Services: Covered services/products,Locations: service locations,agreement_name,agreement_classification,agreement_purpose,party1_name,party1_role,party2_name,party2_role,effective_date,signature_date,term,renewal_term,recurring_monthly_charges,nonrecurring_charges,payment_terms
121585078471_CenturyLink- Banner PT Phoenix AZ-McDowell MSA.pdf,CenturyLink® Total Advantage® Express Agreement,Service Agreement,service provisioning,"CenturyLink Sales Solutions, Inc.",Provider,BANNER PHYSICAL THERAPY,Customer,Not specified,01/31/2018,Not specified,Not specified,Not specified,Not specified,FIBER + ENTERPRISE 1A PACKAGE,"1700 Union Ave, Ste B, Baltimore, MD 21211",Customer must pay all charges within 30 days of the invoice date; late payment charge of the lesser of 1.5% per month or the maximum rate allowed by law.,,,,,,,,,,,,,,,,
121585078731_CenturyLink- Banner PT Sun City AZ-Meeker 103-SFA.pdf,CenturyLink Total Advantage Express Agreement,Service Agreement,service provisioning,"CenturyLink Sales Solutions, Inc.",Provider,BANNER PHYSICAL THERAPY,Customer,Not specified,01/31/2018,Not specified.,Not specified.,Not specified.,Not specified.,FIBER + ENTERPRISE |A PACKAGE,Not specified.,"Customer must pay all charges within 30 days of the invoice date except for CenturyLink QC charges, which Customer must pay by the due date on the invoice. Charges not paid by their due date are subject to late payment charge of the lesser of 1.5% per month or the maximum rate allowed by law or required by Tariff.",,,,,,,,,,,,,,,,
121585078855_CenturyLink- Banner PT Sun City AZ-Meeker 301-SFA.pdf,CenturyLink® Total Advantage” Express Agreement,Service Agreement,service provisioning,"CenturyLink Sales Solutions, Inc.",Provider,BANNER PHYSICAL THERAPY,Customer,Not specified,01/31/2018,Not specified.,Not specified.,Not specified.,Not specified.,"VoIP service, Local Access Service, CPE Purchase","1700 Union Ave, Attn: General Counsel, Baltimore, MD 21211",Customer must pay all charges within 30 days of the invoice date; late payments are subject to late fees.,,,,,,,,,,,,,,,,
121585080190_CenturyLink- SSH  Tallahassee FL 507150.pdf,CenturyLink Total Advantage Express Agreement,Service Agreement,service provisioning,"CenturyLink Sales Solutions, Inc.",Provider,"Distributed Computing, Inc.",Customer,11/08/2018,11/08/2018,Not specified.,Not specified.,$139.00,$0.00,Fiber+ Internet services,"1700 UNION AVE, BALTIMORE, MD 21211",Customer must pay all charges within 30 days of the invoice date.,,,,,,,,,,,,,,,,
121585080375_CenturyLink SFA- SSM Health Phys Ther St Peter's 05860.pdf,CenturyLink® Total Advantage® Express Agreement,Service Agreement,service provisioning,"CenturyLink Sales Solutions, Inc.",Provider,SSM HEALTH PHYSICAL THERAPY,Customer,Not specified,06/28/2018,Not specified.,Not specified.,Not specified.,Not specified.,"Domestic CenturyLink IQ Networking, Local Access",Not specified.,Customer will pay the rates set forth in a signed quote for Service issued by CenturyLink.,,,,,,,,,,,,,,,,
1321599171952_41593529833_EA_Century Link_Salt Lake_upgrade.pdf,CenturyLink IQ Data Bundle Offer,Service Agreement,service provisioning,CenturyLink,Provider,"Education Affiliates, Inc",Customer,06/18/2020,06/25/2020,36 Months,Not specified,$970.00,$500.00,"CenturyLink IQ Networking, Local Access, Rental CPE","3949 S 700 E SUIT 150, SALT LAKE CITY UT 84107",Not specified,,,,,,,,,,,,,,,,
1321600112147_41593530212_EA Century Link Foley 100MB.pdf,CenturyLink IQ Data Bundle Order,Service Agreement,service provisioning,CenturyLink,Provider,Distributed Computing Inc,Customer,06/18/2020,06/25/2020,36 Months,Not specified,$970.00,$500.00,"CenturyLink IQ Networking, Local Access, Rental CPE","200 E LAUREL AVE, FOLEY AL 36535",Not specified,,,,,,,,,,,,,,,,
1571613500764_Maryvale-Ten4 Connect Bundle Addendum 021021-FE.pdf,Ten4 Connect Bundle Addendum,Addendum,service provisioning,"Distributed Computing, Inc. dba Ten4",Provider,"Maryvale Preparatory School, Inc.",Customer,11/14/2019,02/10/2021,36 months,60 months,$180.00,$640.00,"Grandstream Telephone System, Hosted Voice & Fax Solutions, Wireless Broadband, Connectivity & Site Services Administration","11300 Falls Road, Lutherville, MD 21093","Monthly in advance, due on the first day of each month",,,,,,,,,,,,,,,,
1601593182435_Ped Eye Care-Ten4 MultiSvc 061520 (1).pdf,Addendum to Master Services Agreement,Addendum,Service provisioning,"Distributed Computing, Inc. dba Ten4",Provider,Pediatric Eye Care of Maryland,Customer,06/17/2020,Not specified,Thirty-six (36) months,Month-to-month,$498.95,$424.95,"['Hosted Voice & Fax Solutions', 'Sierra Wireless Fixed Cellular (Internet Access)']",Not specified,"Invoices are payable monthly in advance at the beginning of each month, due net thirty (30) days from the date of the invoice.",,,,,,,,,,,,,,,,
1601601312271_Ten4 WBG Addendum.pdf,Addendum to Master Services Agreement,Addendum,service provisioning,"Distributed Computing, Inc. dba Ten4",Provider,KZ.) [eg Qeecraoa Corgofahou,Customer,Not specified,Not specified,Not specified,month-to-month,Not specified,Not specified,"Wireless broadband services, Fixed cellular connectivity, Custom-designed data plan and equipment selection, Cross-carrier data pooling, Trouble ticketing, returns, usage reporting, analytics",Not specified,All bills are due within thirty (30) days upon receipt of Ten4 invoice,,,,,,,,,,,,,,,,
19561636577760_FP MSA - Executed.pdf,Master Service Agreement,Master Service Agreement,service provisioning,"Comcast Cable Communications Management, LLC",Provider,"Francisco Partners Management, LP",Customer,Not specified,11/08/2021,60 months,Not specified,Not specified,Not specified,communications and other services,commercial customers in wired and serviceable areas in participating Comcast systems,Not specified,,,,,,,,,,,,,,,,
19561637100977_Travelzoo MSA-SV-signed.pdf,Master Service Agreement,Master Service Agreement,service provisioning,"Comcast Cable Communications Management, LLC",Provider,Travelzoo,Customer,Not specified,11/2/2021,60 months,Not specified,Not specified,Not specified,communications and other services,commercial customers in wired and serviceable areas in participating Comcast systems,Not specified,,,,,,,,,,,,,,,,
19561637100997_Travelzoo MSA-SV First Amendment.pdf,Comcast Enterprise Services Master Services Agreement No. CA-25355844 -pweck,Master Service Agreement,Amendment of terms and conditions,"Comcast Cable Communications Management, LLC",Provider,"Travelzoo, Inc.",Customer,10/29/2021,11/15/2021,Not specified.,One (1) month each,Not specified.,Not specified.,Not specified.,Not specified.,Not specified.,,,,,,,,,,,,,,,,
19561639593876_ACC DIA LandCare Contract Ft. Worth Signed copy.pdf,ACC DIA LandCare Contract ADI_PS160,Master Service Agreement,service provisioning,AT&T Corp. d/b/a ACC Business,Provider,Landcare,Customer,12/13/2021,12/15/2021,2 Years,Not specified,$67,"$1,500",50M Managed ADI with onsite installation,"1948 Josh Road, Fort Worth, TX 76177",Standard - Single Location Billing,,,,,,,,,,,,,,,,
19561642540924_Nitel MSA v6 20180404_Enterprise MTM_FINAL 1.14.2022[1].pdf,Master Service Agreement,Master Service Agreement,service provisioning,NITEL INC.,Provider,"Concentra Health Services, Inc.",Customer,01/14/2022,01/14/2022,Not specified.,month-to-month,Not specified.,Not specified.,communications services,Not specified.,Invoices are delivered monthly and payment is due 30 days after the invoice date.,,,,,,,,,,,,,,,,
19561644594670_19561642540924_Nitel MSA v6 20180404_Enterprise MTM_FINAL 1.14.2022[1].pdf,Master Service Agreement,Master Service Agreement,service provisioning,NITEL INC.,Provider,"Concentra Health Services, Inc.",Customer,01/14/2022,01/14/2022,Not specified.,month-to-month,Not specified.,Not specified.,communications services,Not specified.,Invoices are delivered monthly and payment is due 30 days after the invoice date.,,,,,,,,,,,,,,,,
19561645737094_Nitel MSA_partially executed 02132022.pdf,Master Service Agreement,Master Service Agreement,service provisioning,NITEL INC.,Provider,SELECT MEDICAL CORPORATION,Customer,2022-02-14,2022-02-14,Not specified.,month-to-month,Not specified.,Not specified.,communications services,Not specified.,Invoices are delivered monthly and payment is due 30 days after the invoice date.,,,,,,,,,,,,,,,,
19561656621775_Verizon Master Sales Order Form.pdf,U.S. Services Agreement,Master Service Agreement,service provisioning,Verizon Business Network Services LLC,Provider,"TREX COMPANY, INC",Customer,Not specified,06/30/2022,36 Months,Not specified,"USD 5,863.00",USD 0.00,"Access +, Internet Dedicated +","160 EXETER DR, WINCHESTER, VA 22603-8614; 181 BATTAILE DR, WINCHESTER, VA 22601-4293; 331 APPLE VALLEY RD, WINCHESTER, VA 22602-2408; 3257 VALLEY PIKE, WINCHESTER, VA 22602-5303; 385 BATTAILE DR, WINCHESTER, VA 22601-4262; 184 CAPITOL LN, WINCHESTER, VA 22602-2437; 351 APPLE VALLEY RD, WINCHESTER, VA 22602-2408",Not specified,,,,,,,,,,,,,,,,
19561656624470_TREX Comcast MSA.pdf,Master Services Agreement (MSA),Master Service Agreement,service provisioning,"Comcast Cable Communications Management, LLC",Provider,Trex Company Inc.,Customer,6/30/2022,6/30/2022,60 Months,Not specified,Not specified,Not specified,communications and other services,"1700 Union Ave, Suite B, Baltimore, MD 21211",Not specified,,,,,,,,,,,,,,,,
19561668624865_ACCB_AIA_ Countersigned SELECT MEDICAL CORPORATION CONTRACT.pdf,ACC PS 401,Master Service Agreement,service provisioning,ACC Business,Provider,Select Medical Corporation,Customer,2022-10-09,2022-10-09,36 months,Not specified,Not specified,Not specified,AT&T Internet Access as sold by ACC Business,"4718 Gettysburg Rd, Mechanicsburg, PA, 17055, US",Orders for each location will be billed in accordance with the rates in effect at time of order submission.,,,,,,,,,,,,,,,,
19561668633832_Concentra Health Services MSA.pdf,COMCAST ENTERPRISE SERVICES R SERVICES AGREEMENT,Master Service Agreement,service provisioning,"Comcast Cable Communications Management, LLC",Provider,Concentra Health Services,Customer,Not specified,03/16/2017,60 months,Not specified,Not specified,Not specified,communications and other services,Not specified,Not specified,,,,,,,,,,,,,,,,
19561668634786_Select Medical Concentra - Spectrum Service Agmt. Fiber Renewal Partiall....pdf,Specgtrum Fiber Renewal Savings Summary,Vendor Agreement,service provisioning,Select Medical Corporation,provider,Concentra,customer,09/06/2022,09/06/2022,36 MO,Not specified,$379.00,$0,,,Not specified,Not specified,"Multiple locations across CA, FL, TX, OH, etc.",,,,,,,,,,,,,,
19561668635001_Select Medical MSA-SIGNED.pdf,Master Services Agreement,Master Service Agreement,service provisioning,"Comcast Cable Communications Management, LLC",Provider,Select Medical Corporation,Customer,Not specified,12/14/16,60 months,Not specified,Not specified,Not specified,communications and other services,serviceable areas in participating Comcast systems,Not specified,,,,,,,,,,,,,,,,
19561668635089_Select Medical Concentra - Spectrum Service Agmt. Fiber Renewal Partiall....pdf,Specgtrum Fiber Renewal Savings Summary,Vendor Agreement,service provisioning,Select Medical Corporation,provider,Concentra,customer,09/06/2022,09/06/2022,36 MO,Not specified,$379.00,$0,Not specified,"Multiple locations across CA, FL, TX, MO, OH, KY, NC, ME, KS, IN, HI",Not specified,,,,,,,,,,,,,,,,
19561668722110_ACCB_AIA_ACS_Multi Service Agreement_partially executed 09192022.pdf,ACC Business Multi-Service Agreement,Master Service Agreement,service provisioning,AT&T Corp. d/b/a ACC Business,Provider,Select Medical Corporation,Customer,09/19/2022,09/19/2022,Not specified,Not specified,Not specified,Not specified,"all products and services (including wireless, if applicable) ACC Business provides Customer pursuant to this Agreement",Not specified,"Prices listed in a Pricing Schedule are stabilized until the end of the Pricing Schedule Term, including applicable extensions",,,,,,,,,,,,,,,,
19561668722178_ACCB_AIA_ACS_Multi Service Agreement_partially executed 09192022.pdf,ACC Business Multi-Service Agreement,Master Service Agreement,service provisioning,AT&T Corp. d/b/a ACC Business,Provider,Select Medical Corporation,Customer,09/19/2022,09/19/2022,Not specified,Not specified,Not specified,Not specified,"all products and services (including wireless, if applicable) ACC Business provides Customer pursuant to this Agreement",Not specified,"Prices listed in a Pricing Schedule are stabilized until the end of the Pricing Schedule Term, including applicable extensions",,,,,,,,,,,,,,,,
19561668794458_ACCB_AIA_ACS_Multi Service Agreement_partially executed 09192022.pdf,ACC Business Multi-Service Agreement,Master Service Agreement,service provisioning,AT&T Corp. d/b/a ACC Business,Provider,Select Medical Corporation,Customer,09/19/2022,09/19/2022,Not specified,Not specified,Not specified,Not specified,"all products and services (including wireless, if applicable) ACC Business provides Customer pursuant to this Agreement",Not specified,"Prices listed in a Pricing Schedule are stabilized until the end of the Pricing Schedule Term, including applicable extensions",,,,,,,,,,,,,,,,
19561670521853_ACCB_AIA_E_contract_PS401 (6) Acorn Health.pdf,ACC PS 401,Master Service Agreement,service provisioning,AT&T Corp. d/b/a ACC Business,Provider,Acorn Health,Customer,Date on which the last party signs the Pricing Schedule,12/07/2022,36 months,Not specified,Not specified,Not specified,AT&T Internet Access as sold by ACC Business aka AT&T High Speed Internet - Enterprise,"75 Valencia Ave, Suite 1120, Coral Gables, FL 33134, US",Minimum Payment Period of 12 Months; Lesser of $200 or number of months remaining under Minimum Payment Period multiplied by the amount of monthly recurring charges,,,,,,,,,,,,,,,,
19561670528167_Nitel MSA v6 20180404_Enterprise MTM_FINAL.docx.pdf,Master Service Agreement,Master Service Agreement,service provisioning,NITEL INC.,Provider,"Autism Living Experience, LLC",Customer,Not specified,12/07/2022,Not specified,month-to-month,Not specified,Not specified,communications services,Not specified,Invoices are delivered monthly and payment is due 30 days after the invoice date.,,,,,,,,,,,,,,,,
19561674141431_Pull A Part LLC- 36mo (3) EDI 100M - MR (jun med) Configurator 3 SITES with MR - 011723 - 23315717 M.pdf,Master Services Agreement,Master Service Agreement,service provisioning,"Comcast Cable Communications Management, LLC",Provider,Pull A Part LLC,Customer,Not specified,1/19/2023,60 Months,Not specified,Not specified,Not specified,communications and other services,"Doraville, GA",Not specified,,,,,,,,,,,,,,,,
19561674141947_Pull A Part LLC- 36mo (3) EDI 100M - MR (jun med) Configurator 3 SITES with MR - 011723 - 23315717 M.pdf,Master Services Agreement,Master Service Agreement,service provisioning,"Comcast Cable Communications Management, LLC",Provider,Pull A Part LLC,Customer,1/19/2023,1/19/2023,60 Months,Not specified,Not specified,Not specified,communications and other services,"Doraville, GA",Not specified,,,,,,,,,,,,,,,,
19561679343712_MODERN ANIMAL MSA.pdf,ACC Business Multi-Service Agreement,Master Service Agreement,service provisioning,AT&T Corp. d/b/a ACC Business,Provider,Modern Animal,Customer,Not specified,03/20/2023,Not specified,Not specified,Not specified,Not specified,"all products and services (including wireless, if applicable) ACC Business provides Customer pursuant to this Agreement",Not specified,"Prices listed in a Pricing Schedule are stabilized until the end of the Pricing Schedule Term, including applicable extensions",,,,,,,,,,,,,,,,
19561681742187_Valor-Ten4 Standard MSA 123020.pdf,Master Services Agreement,Master Service Agreement,service provisioning,"Distributed Computing, Inc. dba Ten4",Provider,"Valor Healthcare, Inc.",Customer,12/31/2020,12/31/2020,twelve (12) months,Not specified,Not specified,Not specified,Services specified in each Addendum and SOF,Not specified,Customer will pay all Charges as set forth in the SOF for that Service,,,,,,,,,,,,,,,,
19561681743063_Valor-Ten4 Standard MSA 123020.pdf,Master Services Agreement,Master Service Agreement,service provisioning,"Distributed Computing, Inc. dba Ten4",Provider,"Valor Healthcare, Inc.",Customer,12/31/2020,12/31/2020,twelve (12) months,Not specified,Not specified,Not specified,Services specified in each Addendum and Service Order Form,Not specified,Customer will pay all Charges as set forth in the Service Order Form for that Service,,,,,,,,,,,,,,,,
19561681743237_Valor-Ten4 Standard MSA 123020.pdf,Master Services Agreement,Master Service Agreement,service provisioning,"Distributed Computing, Inc. dba Ten4",Provider,"Valor Healthcare, Inc.",Customer,12/31/2020,12/31/2020,twelve (12) months,Not specified,Not specified,Not specified,Services specified in each Addendum and SOF,Not specified,Customer will pay all Charges as set forth in the SOF for that Service,,,,,,,,,,,,,,,,
19561687976725_amended_FSA_Southeastern_Paper_Group_26May2023_(003).pdf,Frontier Services Agreement,Service Agreement,service provisioning,"Frontier Communications of America, Inc.",Provider,Southeastern Paper Group,Customer,05/25/2023,06/28/2023,Not specified.,one-month periods,Not specified.,Not specified.,"communications, installation and maintenance services, Equipment","7080 Havertys Way, Lakeland, Florida, 33805",All payments shall be due within thirty (30) days of the invoice date.,,,,,,,,,,,,,,,,
19561687976725_Southeastern_Paper_Group_Ethernet_Schedule_-_2023-05-25T140744.012.pdf,Schedule Number S -5550092304 to the Frontier Services Agreement,Service Agreement,Service provisioning,"Frontier Communications of America, Inc.",Provider,Southeastern Paper Group,Customer,05/25/2023,06/28/2023,36 Months,Not specified,$800.00,$0.00,Dedicated Internet Access (DIA),"7080 Havertys Way, Lakeland, FL 338051413",Not specified,,,,,,,,,,,,,,,,
19561688001471_SEPG_-_Jacksonville__Ethernet_Configurator_23785584__MSA.pdf,Comcast Enterprise Services Master Services Agreement,Master Service Agreement,service provisioning,"Comcast Cable Communications Management, LLC",Provider,Southeastern Paper Group,Customer,Not specified,6/28/2023,60 Months,Not specified,Not specified,Not specified,communications and other services,Not specified,Not specified,,,,,,,,,,,,,,,,
19561688057706_AOF TECH FORM (TSF) Updated 12.7.22.pdf,DIA Order Agreement,Service Agreement,service provisioning,"Frontier Communications Parent, Inc.",Provider,Not specified.,Customer,Not specified,06/15/2023,Not specified.,Not specified.,Not specified.,Not specified.,"SIP Services, DIA Orders, EPL/EVPL/ELAN Orders",Not specified.,Not specified.,,,,,,,,,,,,,,,,
19561688057706__Customer_Conduit_Agreement_updated_4.28.23.pdf,Customer Conduit Agreement,Service Agreement,service provisioning,"Frontier Communications Parent, Inc.",Provider,Customer,Customer,Not specified,6/26/2023,Not specified,Not specified,Not specified,Not specified,Cable Extensions,Customer's property,Not specified,,,,,,,,,,,,,,,,
19561690568035_IPJ BGP Form v.22 17 State St 21st.pdf,IP Address Request Form,Service Agreement,IP address allocation and management,Crown Castle,Provider,Chardan Capital Markets LLC,Licensee,07/26/2023,07/28/2023,Not specified,Not specified,Not specified,Not specified,"IP address allocation, DDoS Defense",Not specified,Not specified,,,,,,,,,,,,,,,,
19561693503623_Behavioral Innovations - ACC AIA MSA.pdf,ACC Business Multi-Service Agreement,Master Service Agreement,service provisioning,AT&T Corp. d/b/a ACC Business,Provider,AT&T Corp.,Customer,Not specified,08/31/2023,Not specified,Not specified,Not specified,Not specified,"all products and services (including wireless, if applicable) ACC Business provides Customer pursuant to this Agreement","12430 Grant Rd, STE A, Cyprus, TX 77429, US",Prices listed in a Pricing Schedule are stabilized until the end of the Pricing Schedule Term,,,,,,,,,,,,,,,,
19561694457452_Waxies MSA - OP ID 20130957.pdf,Comcast Enterprise Services Master Services Agreement,Master Service Agreement,service provisioning,"Comcast Cable Communications Management, LLC",Provider,Waxie's Enterprises LLC,Customer,09/11/2023,09/11/2023,60 months,Not specified,Not specified,Not specified,communications and other services,Not specified,Not specified,,,,,,,,,,,,,,,,
19561695388618_Waxies MSA - OP ID 20130957.pdf,Comcast Enterprise Services Master Services Agreement,Master Service Agreement,service provisioning,"Comcast Cable Communications Management, LLC",Provider,Waxie's Enterprises LLC,Customer,9/11/2023,9/21/2023,60 months,Not specified,Not specified,Not specified,communications and other services,serviceable areas,Not specified,,,,,,,,,,,,,,,,
19561695656163_Education Affiliates Renewal SA (1).pdf,COMCAST BUSINESS SERVICES AGREEMENT (MULTI-SITE),Service Agreement,service provisioning,"Comcast Cable Communications Management, LLC",Provider,Education Affiliates,Customer,Not specified,9/25/2023,36 months,Not specified,Not specified,Not specified,communications and other services,wired and serviceable areas in participating Comcast systems,Not specified,,,,,,,,,,,,,,,,
19561701803672_North American Corp MSA.pdf,Master Services Agreement,Master Service Agreement,service provisioning,"Comcast Cable Communications Management, LLC",Provider,North American Corp.,Customer,12/5/2023,12/5/2023,60 Months,Not specified,Not specified,Not specified,communications and other services,Not specified,Not specified,,,,,,,,,,,,,,,,
19561701959079_North American Corp MSA.pdf,Master Services Agreement,Master Service Agreement,service provisioning,"Comcast Cable Communications Management, LLC",Provider,North American Corp.,Customer,12/05/2023,12/06/2023,60 Months,Not specified,Not specified,Not specified,communications and other services,Not specified,Not specified,,,,,,,,,,,,,,,,
19561706218401_1931705946927_Tesoro Farm Blue Stream Fiber Account 600038802 TERMS AND CONDITIONS.pdf,Blue Stream Business Class Service Agreement,Service Agreement,service provisioning,Blue Stream,Provider,Customer,Client,Not specified,Not specified,Not specified,month-to-month,Not specified,Not specified,"Internet, Cable, Phone",Not specified,"Service Charges will be billed to Customer on a monthly basis, and are payable within thirty (30) days after the date appearing on the invoice.",,,,,,,,,,,,,,,,
19561707336789_Athlanta History Center MSA.pdf,Comcast Enterprise Services Master Services Agreement,Master Service Agreement,service provisioning,"Comcast Cable Communications Management, LLC",Provider,Atlanta History Center,Customer,Not specified,2/7/2024,60 Months,Not specified,Not specified,Not specified,communications and other services,serviceable areas,Not specified,,,,,,,,,,,,,,,,
19561707932322_Athlanta History Center MSA.pdf,Comcast Enterprise Services Master Services Agreement,Master Service Agreement,service provisioning,"Comcast Cable Communications Management, LLC",Provider,Atlanta History Center,Customer,Not specified,2/14/2024,60 Months,Not specified,Not specified,Not specified,communications and other services,serviceable areas,Not specified,,,,,,,,,,,,,,,,
19561712157383_Trex SDWAN MSA.pdf,Comcast Enterprise Services Master Services Agreement,Master Service Agreement,service provisioning,"Comcast Cable Communications Management, LLC",Provider,Trex Company Inc,Customer,Not specified,4/3/2024,60 months,Not specified,Not specified,Not specified,communications and other services,Not specified,Not specified,,,,,,,,,,,,,,,,
19561713201611_Removery AIA Forms.pdf,ACC Business Multi-Service Agreement,Master Service Agreement,service provisioning,AT&T Corp. d/b/a ACC Business,Provider,"Removery, LLC",Customer,Not specified,10/06/2022,36 months,Not specified,Not specified,Not specified,AT&T Internet Access as sold by ACC Business,"Austin, TX; Rochester, NY",Customer may continue Service on a month-to-month basis at the terms and conditions in effect on the last day of the Pricing Schedule Term.,,,,,,,,,,,,,,,,
19561715698576_ACCB_AIA_ACS_Multi_Service_Agreement Powerback.pdf,ACC Business Multi-Service Agreement,Master Service Agreement,service provisioning,AT&T Corp. d/b/a ACC Business,Provider,Powerback,Customer,Not specified,01/19/2024,Not specified,Not specified,Not specified,Not specified,"all products and services (including wireless, if applicable) ACC Business provides Customer pursuant to this Agreement",Not specified,"Prices listed in a Pricing Schedule are stabilized until the end of the Pricing Schedule Term, including applicable extensions",,,,,,,,,,,,,,,,
19561724341973_Trex Assist+.pdf,Master Services Agreement,Master Service Agreement,service provisioning,"Distributed Computing, Inc. dba Ten4",Provider,"Trex Company, Inc.",Customer,Not specified,07/10/2024,36 months,month-to-month,"$1,048.95",$0.00,Ten4 Assist Plus,"2500 Trex Way, Winchester, VA 22601",Invoices are payable at the beginning of each monthly billing cycle and are due net thirty (30) days from the date of the invoice.,,,,,,,,,,,,,,,,
19561726580288_Vox MSA copy.pdf,Operations Pastor,Master Service Agreement,service provisioning,"Comcast Cable Communications Management, LLC",Provider,Vox Church,Customer,9/16/2024,9/16/2024,60 Months,Not specified,Not specified,Not specified,communications and other services,Not specified,Not specified,,,,,,,,,,,,,,,,
19561726588043_Vox MSA - Countersigned.pdf,Operations Pastor,Master Service Agreement,service provisioning,"Comcast Cable Communications Management, LLC",Provider,Vox Church,Customer,09/16/2024,09/17/2024,60 Months,Not specified,Not specified,Not specified,communications and other services,Not specified,Not specified,,,,,,,,,,,,,,,,
19561728670528_ACCB_AIA_ACS_Multi_Service_Agreement Concentra Health Services Inc..pdf,ACC Business Multi-Service Agreement,Master Service Agreement,service provisioning,ACC Business,Provider,"AT&T Enterprises, LLC d/b/a ACC Business",Customer,Not specified,10/11/2024,Not specified,Not specified,Not specified,Not specified,"all products and services (including wireless, if applicable) ACC Business provides Customer pursuant to this Agreement",Not specified,"Prices listed in a Pricing Schedule are stabilized until the end of the Pricing Schedule Term, including applicable extensions",,,,,,,,,,,,,,,,
19561731335095_07-31-24LancasterCountyMSA8-6-2024-Signed.pdf,Comcast Enterprise Services Master Services Agreement,Master Service Agreement,service provisioning,"Comcast Cable Communications Management, LLC",Provider,County of Lancaster,Customer,Not specified,08/06/2024,Not specified,Not specified,Not specified,Not specified,communications and other services,serviceable areas,Not specified,,,,,,,,,,,,,,,,
19561731684900_ACCB_AIA_ACS_Multi_Service_Agreement (6) Acorn Health.pdf,ACC Business Multi-Service Agreement,Master Service Agreement,service provisioning,AT&T Corp. d/b/a ACC Business,Provider,Acorn Health,Customer,Not specified,12/07/2022,Not specified,Not specified,Not specified,Not specified,"all products and services (including wireless, if applicable) ACC Business provides Customer pursuant to this Agreement",Not specified,"Prices listed in a Pricing Schedule are stabilized until the end of the Pricing Schedule Term, including applicable extensions",,,,,,,,,,,,,,,,
19561732118329_ACCB_AIA_ACS_Multi_Service_Agreement Powerback.pdf,ACC Business Multi-Service Agreement,Master Service Agreement,service provisioning,"AT&T Enterprises, LLC d/b/a ACC Business",Provider,"AT&T Enterprises, LLC d/b/a ACC Business",Customer,Not specified,07/03/2024,Not specified.,Not specified.,Not specified.,Not specified.,"all products and services (including wireless, if applicable) ACC Business provides Customer pursuant to this Agreement",Not specified.,"Prices listed in a Pricing Schedule are stabilized until the end of the Pricing Schedule Term, including applicable extensions.",,,,,,,,,,,,,,,,
19561736350067_Spectrotel -MSA Addendum Autorenewal.doc.pdf,Addendum # 1 to the Spectrotel Holding Company LLC Master Services Agreement and/or Service Agreement(s),Addendum,Modification of existing Master Services Agreement and/or Service Agreement(s),Spectrotel Holding Company LLC,Provider,Powerback,Customer,2025-01-08,2025-01-08,Not specified.,One (1) month periods,Not specified.,Not specified.,Not specified.,"Spectrotel Operating Companies: Spectrotel, Inc.; Spectrotel of the SE, LLC; Spectrotel of New York, LLC; Spectrotel of Virginia, LLC; Spectrotel of New Jersey, LLC; Spectrotel of Pennsylvania, LLC; Spectrotel of Maryland, LLC; Spectrotel of New England, LLC; Spectrotel of Alabama, LLC; Razgate Financial LLC",Not specified.,,,,,,,,,,,,,,,,
20171656447367_TOS - DBA Ten4 for Select Rehab Denton_partially executed 06282022.pdf,Frontier Services Agreement,Service Agreement,service provisioning,"Frontier Communications Parent, Inc.",Provider,Select Medical Corporation DBA: Ten4 for Select Rehabilitation Hospital of Denton,Customer,06/23/2022,06/28/2022,Not specified.,Not specified.,Not specified.,Not specified.,Not specified.,"2620 Scripture Street Denton, Tx 76207",Not specified.,,,,,,,,,,,,,,,,
20171660751961_PE_Zoom MSA Select Medical final[20].pdf,Zoom Master Subscription Agreement,Master Service Agreement,service provisioning,"Zoom Video Communications, Inc.",provider,Select Medical Corporation,customer,05/22/2020,05/21/2020,Not specified.,Not specified.,Not specified.,Not specified.,Zoom Meeting Services and Zoom Phone Services,Not specified.,Customer shall pay all undisputed invoices within thirty (30) days after receipt of such invoice.,,,,,,,,,,,,,,,,
20171660855259_20171660751961_PE_Zoom MSA Select Medical final[20].pdf,Zoom Master Subscription Agreement,Master Service Agreement,service provisioning,"Zoom Video Communications, Inc.",Provider,Select Medical Corporation,Customer,"May 22, 2020",05/21/2020,Not specified.,Not specified.,Not specified.,Not specified.,Zoom Meeting Services and Zoom Phone Services,Not specified.,Customer shall pay all undisputed invoices within thirty (30) days after receipt of such invoice.,,,,,,,,,,,,,,,,
20171661279660_9880 W Flamingo Rd.pdf,Quote MQ-125389,Master Service Agreement,service provisioning,Lumen Technologies Group,Provider,Select Medical Corporation,Customer,08/23/2022,Not specified,24 Months,Not specified,$161.00,$99.00,Fiber + Internet,"9880 W Flamingo Rd, Las Vegas, Nevada 89147 USA",Not specified,,,,,,,,,,,,,,,,
20171662126745_Frontier Fiber Contract - FSA for Danbury CT_partially executed 09012022.pdf,Frontier Services Agreement,Service Agreement,Provision of Services and Equipment,"Frontier Communications of America, Inc.",Provider,Select Medical Corporation dba Ten4 for SPT - Danbury CT,Customer,"August 31, 2022",2022-09-01,Not specified,One-year periods,Not specified,Not specified,"Communications, installation and maintenance services, and/or purchase or lease equipment","Danbury, CT",Customer shall pay all charges set forth in the Schedules and in applicable tariffs during the Service Term.,,,,,,,,,,,,,,,,
20171662126771_TOS-Select Medical Corporation dba Ten4 for SPT - Danbury CT_fully executed 09012022.pdf,Frontier Services Agreement,Service Agreement,service provisioning,"Frontier Communications Parent, Inc.",Provider,Select Medical Corporation dba Ten4 for SPT - Danbury CT,Customer,Not specified,2022-09-01,Not specified,Not specified,Not specified,Not specified,Not specified,"30 Germantown Rd, Ste 1 A, Danbury, CT 06810",Not specified,,,,,,,,,,,,,,,,
20171667579310_ACCB_AIA_ Countersigned SELECT MEDICAL CORPORATION CONTRACT.pdf,ACC PS 401,Master Service Agreement,service provisioning,ACC Business,Provider,Select Medical Corporation,Customer,2022-10-09,2022-10-09,36 months,Not specified,Not specified,Not specified,AT&T Internet Access as sold by ACC Business,"4718 Gettysburg Rd, Mechanicsburg, PA, 17055, US",Orders for each location will be billed in accordance with the rates in effect at time of order submission.,,,,,,,,,,,,,,,,
20171667579377_ACCB_AIA_ACS_Multi_Service_Agreement_Select Medical Corp_partially executed 10102022.pdf,ACC Business Multi-Service Agreement,Master Service Agreement,service provisioning,AT&T Corp. d/b/a ACC Business,Provider,Select Medical Corporation,Customer,Not specified,10/09/2022,Not specified,Not specified,Not specified,Not specified,"all products and services (including wireless, if applicable) ACC Business provides Customer pursuant to this Agreement",Not specified,"Prices listed in a Pricing Schedule are stabilized until the end of the Pricing Schedule Term, including applicable extensions",,,,,,,,,,,,,,,,
20171670363275_SLA - Business Fiber Premium.pdf,Addendum Regarding Service Level Agreement for Business Fiber Premium Service Only,Addendum,service provisioning,MetroNet,Provider,Not specified.,Customer,10/05/2020,Not specified,Not specified.,Not specified.,Not specified.,Not specified.,Business Fiber Premium Service,Not specified.,Not specified.,,,,,,,,,,,,,,,,
20171692627576_ACCB_AIA_ACS_Multi_Service_Agreement_PE 08212023.pdf,ACC Business Multi-Service Agreement,Master Service Agreement,service provisioning,AT&T Corp. d/b/a ACC Business,Provider,Concentra Health Services Inc.,Customer,Not specified,08/21/2023,Not specified,Not specified,Not specified,Not specified,"all products and services (including wireless, if applicable) ACC Business provides Customer pursuant to this Agreement",Not specified,Prices listed in a Pricing Schedule are stabilized until the end of the Pricing Schedule Term,,,,,,,,,,,,,,,,
20171695129145_GTT - Concentra Secondary Project - Colorado Springs CO MSA_PE09182023.pdf,GTT - Concentra Secondary Project - Colorado Springs CO MSA,Master Service Agreement,service provisioning,"GTT Americas, LLC",Provider,Concentra Health Services Inc.,Client,2023-09-18,2023-09-18,Not specified.,month-to-month,Not specified.,Not specified.,GTT’s services as set forth in one or more orders for Service,Not specified.,"Client shall pay in advance on a monthly basis for all Services, the MRR charges set forth in the SOF, any unpaid NRR charge(s), and all applicable taxes.",,,,,,,,,,,,,,,,
20171699993616_Lingo-Select Medical-Lingo Master Services Agmt - Fully Executed.pdf,Master Services Agreement,Master Service Agreement,service provisioning,"LINGO TELECOM, LLC. DBA LINGO",Provider,SELECT MEDICAL CORPORATION,Customer,2023-11-01,2023-11-02,3 years,1 month,Not specified,Not specified,"Multi Location Services, Broadband, Managed Services, Digital Voice, POTS",United States of America,CUSTOMER shall compensate LINGO thirty (30) days subsequent to receipt of an invoice,,,,,,,,,,,,,,,,
20171699993928_Lingo-Select Medical-Lingo Master Services Agmt - Fully Executed.pdf,Master Services Agreement,Master Service Agreement,service provisioning,"LINGO TELECOM, LLC. DBA LINGO",Provider,SELECT MEDICAL CORPORATION,Customer,2023-11-01,2023-11-02,3 years,1 month,Not specified,Not specified,"Multi Location Services, Broadband, Managed Services, Digital Voice, POTS",United States of America,CUSTOMER shall compensate LINGO thirty (30) days subsequent to receipt of an invoice,,,,,,,,,,,,,,,,
20171701091307_Johnston Paper Inc MSA (1).pdf,Comcast Enterprise Services Master Services Agreement,Master Service Agreement,service provisioning,"Comcast Cable Communications Management, LLC",Provider,Johnston Paper Inc.,Customer,11/24/2023,11/24/2023,60 Months,Not specified,Not specified,Not specified,communications and other services,Not specified,Not specified,,,,,,,,,,,,,,,,
20171701177860_Johnston Paper Inc MSA (1) (1).pdf,Comcast Enterprise Services Master Services Agreement,Master Service Agreement,service provisioning,"Comcast Cable Communications Management, LLC",Provider,Johnston Paper Inc.,Customer,11/24/2023,11/27/2023,60 Months,Not specified,Not specified,Not specified,communications and other services,Not specified,Not specified,,,,,,,,,,,,,,,,
20171701350491_Thrive MSA (10).pdf,Master Services Agreement,Master Service Agreement,service provisioning,"Thrive Operations, LLC",Provider,Cavender Auto,Client,11/30/2023,11/30/2023,Not specified,Not specified,Not specified,Not specified,"services (including maintenance, support, security, hosting, procurement, development, integration, administrative and other services)",Not specified,"Invoices for fees, charges and other amounts charged hereunder will be due and payable in full within thirty (30) days of the date of invoice",,,,,,,,,,,,,,,,
20171704737052_Comcast Ft. Meyers Airport MSA_FE01082024.pdf,Comcast Ft. Meyers Airport MSA,Master Service Agreement,service provisioning,"Comcast Cable Communications Management, LLC",Provider,Concentra Health Services Inc,Customer,01/08/2024,01/08/2024,60 Month,Not specified,Not specified,Not specified,communications and other services,"Fort Myers, FL",Not specified,,,,,,,,,,,,,,,,
20171705424087_Comcast Ft. Meyers Airport MSA_FE01082024.pdf,Comcast Ft. Meyers Airport MSA,Master Service Agreement,service provisioning,"Comcast Cable Communications Management, LLC",Provider,Concentra Health Services Inc,Customer,01/08/2024,01/16/2024,60 Month,Not specified,Not specified,Not specified,communications and other services,"Fort Myers, FL",Not specified,,,,,,,,,,,,,,,,
20171705526404_Concentra Health Services - MSA 25412576_FE01172024.pdf,Comcast Enterprise Services Master Services Agreement,Master Service Agreement,service provisioning,"Comcast Cable Communications Management, LLC",Provider,Concentra Health Services Inc.,Customer,01/17/2024,01/17/2024,60 months,Not specified,Not specified,Not specified,communications and other services,Not specified,Not specified,,,,,,,,,,,,,,,,
20171705587728_Concentra Health Services - MSA 25412576_FE01172024.pdf,Comcast Enterprise Services Master Services Agreement,Master Service Agreement,service provisioning,"Comcast Cable Communications Management, LLC",Provider,Concentra Health Services Inc.,Customer,01/17/2024,01/17/2024,60 months,Not specified,Not specified,Not specified,communications and other services,Not specified,Not specified,,,,,,,,,,,,,,,,
20171709911628_PE 03072024 Grayson Collins Communication MSA.pdf,MASTER SERVICE AGREEMENT,Master Service Agreement,service provisioning,Grayson Collin Communications,Service Provider,Select Medical Corporation,Purchaser,01/17/2024,03/07/2024,Not specified.,Not specified.,Normal service charges shall be invoiced monthly in advance.,Not specified.,communications services,Not specified.,All amounts owed by Purchaser shall be paid within 16 days after the date of invoice; GCC reserves the right to charge penalties on late payments in the amount of 5% of previous unpaid balance due.,,,,,,,,,,,,,,,,
20171723812470_Titanium Processing T & C's.pdf,Merchant Services Agreement,Service Agreement,service provisioning,Fifth Third Bank,Provider,"Titanium Processing, Inc.",ISO,Not specified,Not specified,3 years,3 years,Not specified,Not specified,Card processing services,Not specified,Merchant authorizes Bank to debit all amounts Merchant owes Bank from the Operating Account.,,,,,,,,,,,,,,,,
20171727800489_SMC - Equinix GTC Final - PE 09.27.24.pdf,Global Terms and Conditions,Master Service Agreement,service provisioning,Equinix,Provider,Select Medical Corporation,Customer,01/20/2023,09/27/2024,Not specified,Not specified,Not specified,Not specified,"Licensed Space, power, Cross Connects, cooling, fire protection, physical security",IBX Center,Equinix will invoice monthly in advance for all recurring Fees and in arrears for usage-based or non-recurring Fees.,,,,,,,,,,,,,,,,
20171727800556_SMC - Equinix MCA Final - PE 09.27.24.pdf,Main Country Agreement (United States),Master Service Agreement,service provisioning,Equinix LLC,Provider,Select Medical Corporation,Customer,09/23/2024,09/27/2024,Not specified,Not specified,Not specified,Not specified,Licensed Space and Services,"Mechanicsburg, PA; Redwood City, California",Not specified,,,,,,,,,,,,,,,,
20171727801434_SMC - Equinix GTC Final - PE 09.27.24.pdf,Global Terms and Conditions,Master Service Agreement,service provisioning,Equinix,Provider,Select Medical Corporation,Customer,Not specified,09/27/2024,Not specified,Not specified,Not specified,Not specified,"Licensed Space, power, Cross Connects, Smart Hands, cooling, fire protection, and physical security",IBX Center,Equinix will invoice monthly in advance for all recurring Fees and in arrears for usage-based or non-recurring Fees.,,,,,,,,,,,,,,,,
20171727801454_SMC - Equinix MCA Final - PE 09.27.24.pdf,Main Country Agreement (United States),Master Service Agreement,service provisioning,Equinix LLC,Provider,Select Medical Corporation,Customer,09/23/2024,09/27/2024,Not specified,Not specified,Not specified,Not specified,Licensed Space and Services,"Mechanicsburg, PA; Redwood City, California",Not specified,,,,,,,,,,,,,,,,
21541730496112_MSA Office for Catalyst Technology Group (CTG) 02-05-2021.pdf,Master Services Agreement,Master Service Agreement,service provisioning,"RingCentral, Inc.",Provider,Catalyst Technology Group (CTG),Customer,2/5/2021,2/5/2021,Not specified,Not specified,Not specified,Not specified,"RingCentral Office Services, including voice services, video and audio-conferencing service, collaboration tools",Not specified,Invoices will be issued in accordance with the payment terms set forth in the Order Form; payments due within thirty (30) days of the invoice date,,,,,,,,,,,,,,,,
21541730496658_MSA Office for Catalyst Technology Group (CTG) 02-05-2021.pdf,Master Services Agreement,Master Service Agreement,service provisioning,"RingCentral, Inc.",Provider,Catalyst Technology Group (CTG),Customer,2/5/2021,2/5/2021,Not specified,Not specified,Not specified,Not specified,"RingCentral Office Services, including voice services, video and audio-conferencing service, collaboration tools",Not specified,Invoices will be issued in accordance with the payment terms set forth in the Order Form; payments due within thirty (30) days of the invoice date,,,,,,,,,,,,,,,,
21541730496960_MSA Office for Catalyst Technology Group (CTG) 02-05-2021.pdf,Master Services Agreement,Master Service Agreement,service provisioning,"RingCentral, Inc.",Provider,Catalyst Technology Group (CTG),Customer,Not specified,2/5/2021,Not specified,Not specified,Not specified,Not specified,"RingCentral Office Services, including voice services, video and audio-conferencing service, collaboration tools",Not specified,Invoices will be issued in accordance with the payment terms set forth in the Order Form; payments due within thirty (30) days of the invoice date,,,,,,,,,,,,,,,,
271598363992_BARC Renewal 4.14.2020.pdf,Commercial Service Agreement,Service Agreement,service provisioning,"BarConnects, LLC",Provider,Not specified,Customer,04/14/2020,04/09/2020,Two (2) years,Month-to-month basis after initial term,Not specified,Not specified,"Circuits on a private network, switching services","670 Oakland Circle, Raphine VA 24472",Due within fifteen (15) days of the date of the invoice; late charge of 1.5% per month for late payments,,,,,,,,,,,,,,,,
271626114518_Behavioral Innov. Addison-Ten4 Billing Agg Updated 022221-FE.pdf,Billing Aggregation Services Addendum,Addendum,service provisioning,Ten4,Provider,Behavioral Innovations,Customer,03/22/2021,07/11/2021,36 months,month-to-month,$510.00,Not specified,"Aggregate billing, Payment of known bills, Monthly billing analysis, Access to account information via Ten4 Portal",Not specified,"Monthly in advance, due net fifteen (15) days from the date of the invoice",,,,,,,,,,,,,,,,
31679073582_Concentra_Nitel MSA v6_Fully Executed 20220307.pdf,Master Service Agreement,Master Service Agreement,service provisioning,NITEL INC.,provider,"Concentra Health Services, Inc.",customer,03/07/2022,03/07/2022,Not specified.,month-to-month,Not specified.,Not specified.,communications services,Not specified.,Invoices are delivered monthly and payment is due 30 days after the invoice date.,,,,,,,,,,,,,,,,
41592595876_Ped Eye Care-Ten4 MultiSvc 061520.pdf,Addendum to Master Services Agreement,Addendum,Service provisioning,"Distributed Computing, Inc. dba Ten4",Provider,Pediatric Eye Care of Maryland,Customer,06/17/2020,Not specified,Thirty-six (36) months,Month-to-month,$498.95,$424.95,"['Hosted Voice & Fax Solutions', 'Sierra Wireless Fixed Cellular (Internet Access)']",Not specified,"Invoices are payable monthly in advance at the beginning of each month, due net thirty (30) days from the date of the invoice.",,,,,,,,,,,,,,,,
41592840062_Comacast MSA - Springfield.pdf,Master Service Agreement,Master Service Agreement,service provisioning,"Comcast Cable Communications Management, LLC",Provider,The Customer,Customer,Not specified,06/22/2020,60 months,Not specified,Not specified,Not specified,communications and other services,serviceable areas in participating Comcast systems,Not specified,,,,,,,,,,,,,,,,
41593527568_Education Affiliates_100M Upgrade_Mobile.pdf,Education Affiliates_100M Upgrade_AOW ADI_PS160,Master Service Agreement,service provisioning,ACC Business,Provider,Education Affiliates Inc,Customer,Not specified,06/25/2020,12 months,Not specified,$868,"$1,500",AT&T Dedicated Internet Service,"Fortis College - Mobile, Nottingham",Minimum payment period is 50% for 12 months,,,,,,,,,,,,,,,,
41593607279_ACC Workbook Peterbilt - West Columbia 6_15_2020_signed.pdf,ACC Business Multi-Service Agreement,Master Service Agreement,service provisioning,AT&T Corp. d/b/a ACC Business,Provider,"Peterbilt of Knoxville, Inc dba The Peterbilt Store of Columbia",Customer,06/15/2020,06/30/2020,2 Years,Not specified,$884,"$1,500",All products and services provided by ACC Business,"West Columbia, SC 29172",Minimum retention period is 12 months for all service components,,,,,,,,,,,,,,,,
41594827237_OFFICE PHONE SYSTEM.pdf,Master Services Agreement,Service Agreement,service provisioning,"Distributed Computing, Inc. dba Ten4",Provider,Accent Dermatology & Aluria Medical Spa,Customer,7/8/2020,Not specified,five (5) years,month-to-month,$931.50,"$5,698.60","Hosted Voice Services, Voicemail Transcription, EdgeMarc 2900a, Additional Domestic Telephone Number (DID), Bundle Ext Plan (Analog)","Suite A, Medford, NJ 08055; 1700 Union Avenue, Suite B, Baltimore, MD 21211",Monthly recurring charges due on the first day of each month; Nonrecurring charges due at the time of signing,,,,,,,,,,,,,,,,
41596801139_2_Viasat-business-customer-agreement_-_Signed.pdf,Subscriber Agreement,Service Agreement,service provisioning,"Viasat, Inc.",Provider,Not specified.,Subscriber,Not specified,Not specified,24 months,month-to-month,Not specified.,Not specified.,"two-way, satellite based Internet access service",within the United States,"Monthly Fee paid in advance, with additional charges for data usage beyond allowance.",,,,,,,,,,,,,,,,
41606864422_NitelAgreement_MSA_1-4.pdf,Master Service Agreement,Master Service Agreement,service provisioning,NITEL INC.,Provider,Public Health Management Corporation,Customer,5/21/2020,5/21/2020,Not specified,month-to-month,Not specified,Not specified,communications services,Not specified,Invoices are delivered monthly and payment is due 30 days after the invoice date.,,,,,,,,,,,,,,,,
41615238671_G91523-00_4830_USSA_Master_SOF-TsCs+Pricing (Signed).pdf,U.S. Services Agreement,Master Service Agreement,service provisioning,Verizon Business Network Services LLC,Provider,"HORD COPLAN MACHT, INC.",Customer,Not specified,3/4/2021,36 Months,Not specified,975.00,0.00,"Access +, Internet Dedicated +","700 E PRATT ST STE 1200, BALTIMORE, MD 21202-4917, United States",Order-based pricing provided in the Service Order Form,,,,,,,,,,,,,,,,
41615394931_Capital Forest MSA.pdf,Master Service Agreement,Master Service Agreement,service provisioning,"Comcast Cable Communications Management, LLC",Provider,Capital Forest Products,Customer,Not specified,03/09/2021,60 months,Not specified,Not specified,Not specified,communications and other services,commercial customers in wired and serviceable areas in participating Comcast systems,Not specified,,,,,,,,,,,,,,,,
41615834659_Adams.Sanford-Ten4 Site License Agmt 031521.pdf,,,,,,,,03/15/2021,03/15/2021,,,,,,,,,,Not specified,Not specified,Not specified,Not specified,Not specified,Not specified,Not specified,Not specified,Not specified,Not specified,Not specified,Not specified,Not specified,Not specified
41618247045_SIGNED_Verizon Master Service Order Form.pdf,U.S. Services Agreement,Master Service Agreement,service provisioning,Verizon Business Network Services LLC,Provider,ELLIOTT-LEWIS CORPORATION,Customer,04/13/2021,04/05/2021,36 Months,Not specified,975.00,0.00,"Access (Interstate), Internet Dedicated","2900 BLACK LAKE PL, PHILADELPHIA, PA 19154-1018, United States",Order-based pricing provided in the Service Order Form,,,,,,,,,,,,,,,,
41618249847_SIGNED_Comcast Master Service Agreement.pdf,COMCAST ENTERPRISE SERVICES AGREEMENT,Master Service Agreement,service provisioning,"Comcast Cable Communications Management, LLC",Provider,Elliott - Lewis Corporate,Customer,Not specified,04/15/2022,Not specified,Not specified,Not specified,Not specified,communications and other services,serviceable areas in Participating Comcast systems,Not specified,,,,,,,,,,,,,,,,
41624385019_Pete Store MSA.pdf,Master Service Agreement,Master Service Agreement,service provisioning,"Comcast Cable Communications Management, LLC",Provider,"The Pete Store, LLC",Customer,Not specified,06/21/2021,60 months,Not specified,Not specified,Not specified,communications and other services,serviceable areas in participating Comcast systems,Not specified,,,,,,,,,,,,,,,,
41626290701_Sport Ortho.TN-Ten4 HV Addendum Rev.071421.jpg.pdf,Hosted Voice Addendum,Addendum,service provisioning,Ten4,Provider,Sport Ortho Urgent Care,Customer,07/14/2021,07/09/2021,twelve (12) months,month-to-month,"$1,256.01",$0.00,hosted voice equipment and services,Not specified,"Customer agrees to pay charges monthly, invoices payable at the beginning of each billing cycle",,,,,,,,,,,,,,,,
41626377900_210715_ComastFiberMSA_StPeterTheApostleParish.pdf,Master Services Agreement,Master Service Agreement,service provisioning,"Comcast Cable Communications Management, LLC",Provider,St Peters the Apostle Parish,Customer,Not specified,07/15/2021,60 months,Not specified,Not specified,Not specified,communications and other services,Not specified,Not specified,,,,,,,,,,,,,,,,
41629733969_KW-Ten4 HV Addendum 081821.docx.pdf,Hosted Voice Service Order Form,Service Agreement,service provisioning,"Distributed Computing, Inc. dba Ten4",Provider,Keller Williams Cornerstone Realty,Customer,Not specified,08/20/2021,thirty-six (36) months,month-to-month,$369.75,$790.00,Hosted voice equipment and services,"2230 US Highway 206, Suite 4, Belle Mead, NJ 08502",Invoices payable at the beginning of each monthly billing cycle and due net thirty (30) days from the date of the invoice.,,,,,,,,,,,,,,,,
41630436735_FranciscoPartners_MSA_v4a - signed.pdf,Master Services Agreement,Master Service Agreement,service provisioning,"Thrive Operations, LLC",Provider,"Francisco Partners Management, L.P.",Client,07/07/2021,08/25/2021,Not specified.,Not specified.,Not specified.,Not specified.,"Products and services including maintenance, support, security, hosting, procurement, development, integration, administrative and other services.",Not specified.,"Invoices for fees, charges and other amounts charged hereunder will be due and payable in full within thirty (30) days of the date of invoice.",,,,,,,,,,,,,,,,
41630436962_FranciscoPartners_MSA_v4a - signed.pdf,Master Services Agreement,Master Service Agreement,service provisioning,"Thrive Operations, LLC",Provider,"Francisco Partners Management, L.P.",Client,07/07/2021,08/25/2021,Not specified.,Not specified.,Not specified.,Not specified.,"Products and services including maintenance, support, security, hosting, procurement, development, integration, administrative and other services.",Not specified.,"Invoices for fees, charges and other amounts charged hereunder will be due and payable in full within thirty (30) days of the date of invoice.",,,,,,,,,,,,,,,,
41630585234_Charadan.NY-Ten4 HV Addendum 090121.docx.pdf,Hosted Voice Addendum,Addendum,service provisioning,"Distributed Computing, Inc. dba Ten4",Provider,"Chardan Capital Markets, LLC",Customer,Not specified,09/01/2021,36 months,month-to-month,"$2,076.13","$2,162.50",Hosted voice equipment and services,"17 State Street, New York, NY 10004",Invoices payable at the beginning of each monthly billing cycle and due net thirty (30) days from the date of the invoice.,,,,,,,,,,,,,,,,
41631542146_2021-09-04_Denham Cap_Master Agreement_Clean.pdf,Master Services Agreement,Master Service Agreement,service provisioning,"Thrive Operations, LLC",Provider,Denham Capital Management LP,Client,09/10/2021,09/10/2021,Not specified,Not specified,Not specified,Not specified,"Products and services including maintenance, support, security, hosting, procurement, development, integration, administrative and other services",Not specified,Invoices due within thirty (30) days of the date of invoice; finance charge of 1.50% per month on overdue balances,,,,,,,,,,,,,,,,
41633002146_FSA - The Peterbilt Store SCT_signed.pdf,Frontier Services Agreement,Service Agreement,service provisioning,"Frontier Communications of America, Inc.",Provider,"The Peterbilt Store, LLC",Customer,09/28/2021,09/28/2021,Not specified,one-year periods,Not specified,Not specified,"communications, installation and maintenance services, Equipment",Not specified,Customer shall pay all charges set forth in the Schedules and in applicable tariffs during the Service Term.,,,,,,,,,,,,,,,,
41633019099_VZW_USSA_Master_SOF-TsCs+Pricing.pdf,U.S. Services Agreement,Master Service Agreement,service provisioning,Verizon Business Network Services LLC,Provider,THE PETERBILT STORE CT LLC,Customer,Not specified,9/29/2021,36 Months,Not specified,650.00,0.00,"Access +, Internet Dedicated +","C11 INDUSTRIAL LN, JOHNSTON, RI 02919-3124, United States",Order-based pricing provided in the Service Order Form,,,,,,,,,,,,,,,,
441607440917_Tipco Manassas-Ten4 HV Addendum 120320-FE.pdf,Hosted Voice Addendum,Addendum,service provisioning,Ten4,Service Provider,"Tipco Technologies, Inc.",Customer,Not specified,12/03/2020,thirty-six (36) months,month-to-month,$65.72,$799.95,Hosted voice equipment and services,"9501 Discovery Blvd., Suites 110 &115, Manassas, VA 20109","Monthly in advance, due net thirty (30) days from the date of the invoice",,,,,,,,,,,,,,,,
441607624650_KCPS-Ten4 HV Addendum 102820 (3).pdf,Hosted Voice Addendum,Addendum,service provisioning,Ten4,Provider,Kent County Public Schools,Customer,10/29/2020,10/29/2020,thirty-six (36) months,month-to-month,"$3,210.99",$0.00,Hosted voice equipment and services,"5608 Boundary Avenue, Rock Hall, MD 21661","Invoices payable monthly in advance, due net thirty (30) days from the date of the invoice",,,,,,,,,,,,,,,,
441607693811_Oshinsky-Ten4 HV Add-On 112420----Signed.pdf,Ten4 Hosted Voice Add-On Addendum,Addendum,service provisioning,Ten4,provider,Alan E. Oshinsky MD PA,customer,11/12/2020,11/24/2020,co-terminus with the original Hosted Voice Agreement,month-to-month,$430.26,Not specified,"Hosted Voice components, Virtual Extension (Hospital ext to ext dialing)","301 Saint Paul Place, Suite 612, Baltimore, MD 21202",Monthly invoicing,,,,,,,,,,,,,,,,
4561651763087_National Oilwell Amendment No. 5 040121.pdf,Amendment No. 5,Amendment,Modification of existing service agreement,"National Oilwell Varco, Inc.",Assignor,Cellco Partnership d/b/a Verizon Wireless,Assignee,03/31/2021,04/02/2021,Three (3) years from the Effective Date,Month-to-month basis until terminated,Not specified,Not specified,"Wireless service, Machine to Machine Lines (M2M Lines)",Not specified,Customer must provide necessary information for account implementation; payment obligations under the Agreement must be current.,,,,,,,,,,,,,,,,
51592592842_comcast.pdf,Comcast Enterprise Services Sales Order Form,Master Service Agreement,service provisioning,"Comcast Cable Communications Management, LLC",Provider,B & I Auto Supply Inc.,Customer,Not specified,12/09/2016,60 months,Not specified,Not specified,Not specified,communications and other services,"Fort Washington, PA",Not specified,,,,,,,,,,,,,,,,
51592593039_comcast.pdf,Comcast Enterprise Services Sales Order Form,Master Service Agreement,service provisioning,"Comcast Cable Communications Management, LLC",Provider,B & I Auto Supply Inc.,Customer,Not specified,12/09/2016,60 months,Not specified,Not specified,Not specified,communications and other services,"Fort Washington, PA",Not specified,,,,,,,,,,,,,,,,
61587065311_Adams Property Williamsburg_Ten4_Hosted Addendum-FE.pdf,Addendum to Master Services Agreement,Addendum,service provisioning,"Distributed Computing, Inc. dba Ten4",Provider,USS Merrimac Trwl LLC,Customer,02/25/2020,03/02/2020,Not specified.,month-to-month,Not specified.,Not specified.,"['Hosted Voice Services', 'SIP Trunk Bundling (with option for unlimited)', 'Hosted Fax', 'Additional DIDs and setup', 'Remote setup and configuration of Edgemarc device to support SIP trunking', 'Hosted Phones', 'Access to account information via Ten4 Portal']",Mengde St £ Ode rage 4 SS Merrimac,All bills are due within thirty (30) days upon receipt of Ten4 invoice.,,,,,,,,,,,,,,,,
61587065340_Adams Property Group-Ten4 MSA 01312020-FE.pdf,Master Services Agreement,Master Service Agreement,service provisioning,"Distributed Computing, Inc. dba Ten4",Provider,Adams Property Group,Customer,Not specified,02/04/2020,five (5) years,Not specified,Not specified,Not specified,Services specified in each Addendum and SOF,Not specified,Customer will pay all Charges as set forth in the SOF for that Service,,,,,,,,,,,,,,,,
61587066096_Adams Property Group-Ten4 MSA 01312020-FE.pdf,Master Services Agreement,Master Service Agreement,service provisioning,"Distributed Computing, Inc. dba Ten4",Provider,Adams Property Group,Customer,Not specified,02/04/2020,five (5) years,Not specified,Not specified,Not specified,Services specified in each Addendum and SOF,Not specified,Customer will pay all Charges as set forth in the SOF for that Service,,,,,,,,,,,,,,,,
61587134125_Adams Property Group-Ten4 MSA 01312020-FE.pdf,Master Services Agreement,Master Service Agreement,service provisioning,"Distributed Computing, Inc. dba Ten4",Provider,Adams Property Group,Customer,Not specified,02/04/2020,five (5) years,Not specified,Not specified,Not specified,Services specified in each Addendum and SOF,Not specified,Customer will pay all Charges as set forth in the SOF for that Service,,,,,,,,,,,,,,,,
61587134193_Adams Property Group-Ten4 MSA 01312020-FE.pdf,Master Services Agreement,Master Service Agreement,service provisioning,"Distributed Computing, Inc. dba Ten4",Provider,Adams Property Group,Customer,Not specified,02/04/2020,five (5) years,Not specified,Not specified,Not specified,Services specified in each Addendum and SOF,Not specified,Customer will pay all Charges as set forth in the SOF for that Service,,,,,,,,,,,,,,,,
61587136488_James A Quick-Ten4 HV Addm 022420-FE.pdf,Addendum to Master Services Agreement,Addendum,service provisioning,"Distributed Computing, Inc. dba Ten4",Provider,J AMS A : Qu ick fhe,Customer,02/24/2020,04/17/2020,Not specified.,month-to-month,Not specified.,Not specified.,"['SIP Trunk Bundling (with option for unlimited)', 'Hosted Fax', 'Additional DIDs and setup', 'Remote setup and configuration of Edgemarc device to support SIP trunking', 'Hosted Phones', 'Access to account information via Ten4 Portal']",Equipment Location Address: 0.1 Ne Jem Oc Surte A Enel Mp 21050,All bills are due within thirty (30) days upon receipt of Ten4 invoice.,,,,,,,,,,,,,,,,
61587136520_James A Quick-Ten4 MSA 022420-FE.pdf,Master Services Agreement,Master Service Agreement,service provisioning,"Distributed Computing, Inc, dba Ten4",Provider,Not specified.,Customer,Not specified,04/17/2020,five (5) years,Not specified.,Not specified.,Not specified.,Services specified in each Addendum and SOF,Not specified.,Customer will pay all Charges as set forth in the SOF for that Service and shall pay according to the terms and conditions set forth in the Addendum for that Service.,,,,,,,,,,,,,,,,
61587137322_Dovell Wms Frederick-Ten4 HV Addm 030320-FE.pdf,Addendum to Master Services Agreement,Addendum,service provisioning,"Distributed Computing, Inc. dba Ten4",Provider,Dovell & Williams,Customer,03/03/2020,04/17/2020,Not specified,month-to-month,Not specified,Not specified,"['SIP Trunk Bundling (with option for unlimited)', 'Hosted Fax', 'Additional DIDs and setup', 'Remote setup and configuration of Edgemarc device to support SIP trunking', 'Hosted Phones', 'Access to account information via Ten4 Portal']","8016 Reichs Ford Road, Frederick, MD21704",All bills are due within thirty (30) days upon receipt of Ten4 invoice.,,,,,,,,,,,,,,,,
61587138024_Yuma_Ten4_MSA 031220-FE.pdf,Master Services Agreement,Master Service Agreement,service provisioning,"Distributed Computing, Inc. dba Ten4",Provider,Yuma Center,Customer,Not specified,03/12/2020,five (5) years,Not specified,Not specified,Not specified,Services specified in each Addendum and Service Order Form,Not specified,Customer will pay all Charges as set forth in the Service Order Form for that Service,,,,,,,,,,,,,,,,
61587138059_Yuma_Ten4_Mult Serv Add 031220-FE.pdf,Addendum to Master Services Agreement GZ,Addendum,Service provisioning,Tend,Service Provider,"Yuma Center Distributed Computing, Inc.",Customer,Not specified,Not specified,Thirty-six (36) months,Month-to-month,$279.00,$795.00,"['Hosted Voice & Fax Solutions', 'Services Administration Options']","4101 Yura Street NW, Washington, DC 20018","Invoices are payable monthly in advance at the beginning of each month, due within thirty (30) days from the date of the invoice.",,,,,,,,,,,,,,,,
61587139584_W.F. Chesley Real Estate_Ten4_MSA-FE.pdf,Master Services Agreement,Master Service Agreement,service provisioning,"Distributed Gomputing, Inc. dba Tend",Provider,Ches 3: tc,Customer,Not specified,03/05/2020,five (5) years,Not specified,Not specified,Not specified,Services specified in each Addendum and SOF,Not specified,Customer will pay all Charges as set forth in the SOF for that Service,,,,,,,,,,,,,,,,
61587139604_W.F. Chesley Real Estate_Ten4_HV Addendum-FE.pdf,Addendum to Master Services Agreement,Addendum,service provisioning,Ten4,Provider,W. F. Chesley Realty Estate,Customer,04/23/2020,03/05/2020,Not specified.,month-to-month,Not specified.,Not specified.,"Hosted Voice Services, SIP Trunk Bundling, Hosted Fax, Additional DIDs and setup, Remote setup and configuration of Edgemare device, Hosted Phones, Access to account information via Ten4 Portal",Not specified.,All bills are due within thirty (30) days upon receipt of Ten4 invoice.,,,,,,,,,,,,,,,,
61587666506_Adams Property Group-Ten4 MSA 01312020-FE.pdf,Master Services Agreement,Master Service Agreement,service provisioning,"Distributed Computing, Inc. dba Ten4",Provider,Adams Property Group,Customer,Not specified,02/04/2020,five (5) years,Not specified,Not specified,Not specified,Services specified in each Addendum and SOF,Not specified,Customer will pay all Charges as set forth in the SOF for that Service,,,,,,,,,,,,,,,,
61587670538_Adams Property Group-Ten4 MSA 01312020-FE.pdf,Master Services Agreement,Master Service Agreement,service provisioning,"Distributed Computing, Inc. dba Ten4",Provider,Adams Property Group,Customer,Not specified,02/04/2020,five (5) years,Not specified,Not specified,Not specified,Services specified in each Addendum and SOF,Not specified,Customer will pay all Charges as set forth in the SOF for that Service,,,,,,,,,,,,,,,,
61588793890_Adams-Ten4 HV Addendum 020320-FE.pdf,Addendum to Master Services Agreement,Addendum,service provisioning,Ten4,Provider,Adams Property Group,Customer,05/01/2020,05/06/2020,Not specified,month-to-month,Not specified,Not specified,"['SIP Trunk Bundling (with option for unlimited)', 'Hosted Fax', 'Additional DIDs and setup', 'Remote setup and configuration of Edgemarc device to support SIP trunking', 'Hosted Phones', 'Access to account information via Ten4 Portal']","['2077 Calhoun Road, Greenwood, SC 29649', '1758 St. Matthews Road, Orangeburg, SC 29118', '318 Johnny Mercer Blvd., Bldg B, Savannah, GA 31410', '365 Keowee School Road, Seneca, SC 29672', '2254 Sandifer Blvd., Westminster, SC 29696']",All bills are due within thirty (30) days upon receipt of Ten4 invoice.,,,,,,,,,,,,,,,,
61588793995_Adams-Ten4 HV Addendum 020320-FE.pdf,Addendum to Master Services Agreement,Addendum,service provisioning,Ten4,Provider,Adams Property Group,Customer,05/01/2020,05/06/2020,Not specified,month-to-month,Not specified,Not specified,"['SIP Trunk Bundling (with option for unlimited)', 'Hosted Fax', 'Additional DIDs and setup', 'Remote setup and configuration of Edgemarc device to support SIP trunking', 'Hosted Phones', 'Access to account information via Ten4 Portal']","['2077 Calhoun Road, Greenwood, SC 29649', '1758 St. Matthews Road, Orangeburg, SC 29118', '318 Johnny Mercer Blvd., Bldg B, Savannah, GA 31410', '365 Keowee School Road, Seneca, SC 29672', '2254 Sandifer Blvd., Westminster, SC 29696']",All bills are due within thirty (30) days upon receipt of Ten4 invoice.,,,,,,,,,,,,,,,,
61588794116_Adams-Ten4 HV Addendum 020320-FE.pdf,Addendum to Master Services Agreement,Addendum,service provisioning,"Distributed Computing, Inc. dba Ten4",Provider,Adams Property Group,Customer,05/01/2020,05/06/2020,Not specified,month-to-month,Not specified,Not specified,"['SIP Trunk Bundling (with option for unlimited)', 'Hosted Fax', 'Additional DIDs and setup', 'Remote setup and configuration of Edgemarc device to support SIP trunking', 'Hosted Phones', 'Access to account information via Ten4 Portal']","['2077 Calhoun Road, Greenwood, SC 29649', '1758 St. Matthews Road, Orangeburg, SC 29118', '318 Johnny Mercer Blvd., Bldg B, Savannah, GA 31410', '365 Keowee School Road, Seneca, SC 29672', '2254 Sandifer Blvd., Westminster, SC 29696']",All bills are due within thirty (30) days upon receipt of Ten4 invoice.,,,,,,,,,,,,,,,,
61588794194_Adams-Ten4 HV Addendum 020320-FE.pdf,Addendum to Master Services Agreement,Addendum,service provisioning,"Distributed Computing, Inc. dba Ten4",Provider,Adams Property Group,Customer,05/01/2020,05/06/2020,Not specified,month-to-month,Not specified,Not specified,"['SIP Trunk Bundling (with option for unlimited)', 'Hosted Fax', 'Additional DIDs and setup', 'Remote setup and configuration of Edgemarc device to support SIP trunking', 'Hosted Phones', 'Access to account information via Ten4 Portal']","['2077 Calhoun Road, Greenwood, SC 29649', '1758 St. Matthews Road, Orangeburg, SC 29118', '318 Johnny Mercer Blvd., Bldg B, Savannah, GA 31410', '365 Keowee School Road, Seneca, SC 29672', '2254 Sandifer Blvd., Westminster, SC 29696']",All bills are due within thirty (30) days upon receipt of Ten4 invoice.,,,,,,,,,,,,,,,,
61588794275_Adams-Ten4 HV Addendum 020320-FE.pdf,Addendum to Master Services Agreement,Addendum,service provisioning,Ten4,Provider,Adams Property Group,Customer,05/01/2020,05/06/2020,Not specified,month-to-month,Not specified,Not specified,"['SIP Trunk Bundling (with option for unlimited)', 'Hosted Fax', 'Additional DIDs and setup', 'Remote setup and configuration of Edgemarc device to support SIP trunking', 'Hosted Phones', 'Access to account information via Ten4 Portal']","['2077 Calhoun Road, Greenwood, SC 29649', '1758 St. Matthews Road, Orangeburg, SC 29118', '318 Johnny Mercer Blvd., Bldg B, Savannah, GA 31410', '365 Keowee School Road, Seneca, SC 29672', '2254 Sandifer Blvd., Westminster, SC 29696']",All bills are due within thirty (30) days upon receipt of Ten4 invoice.,,,,,,,,,,,,,,,,
61588856859_Tipco_Ten4_MSA 041720-FE.pdf,Master Services Agreement,Master Service Agreement,service provisioning,"Distributed Computing, Inc. dba Ten4",Provider,"Tipco Technologies, Inc.",Customer,Not specified,04/22/2020,five (5) years,Not specified,Not specified,Not specified,Services specified in each Addendum and SOF,Not specified,Customer will pay all Charges as set forth in the SOF for that Service,,,,,,,,,,,,,,,,
61589567369_Indel WBD-Ten4 HV Addendum 033020-FE.pdf,Addendum to Master Services Agreement,Addendum,service provisioning,"Distributed Computing, Inc. dba Ten4",Provider,Indel Power Group LLC dba Western Branch Diesel,Customer,04/29/2020,05/12/2020,Not specified,month-to-month,Not specified,Not specified,"['SIP Trunk Bundling (with option for unlimited)', 'Hosted Fax', 'Additional DIDs and setup', 'Remote setup and configuration of Edgemarc device to support SIP trunking', 'Hosted Phones', 'Access to account information via Ten4 Portal']","2011 Corp Drive, Portsmouth, VA 23703",All bills are due within thirty (30) days upon receipt of Ten4 invoice.,,,,,,,,,,,,,,,,
61590077188_Indel-Ten4 MSA 051820-FE.pdf,Master Services Agreement,Master Service Agreement,service provisioning,"Distributed Computing, Inc. dba Ten4",Provider,Indel Power Group LLC,Customer,05/19/2020,05/19/2020,five (5) years,Not specified,Not specified,Not specified,Services specified in each Addendum and Service Order Form,Not specified,Customer will pay all Charges as set forth in the Service Order Form for that Service,,,,,,,,,,,,,,,,
61590077286_Indel-Ten4 MSA 051820-FE.pdf,Master Services Agreement,Master Service Agreement,service provisioning,"Distributed Computing, Inc. dba Ten4",Provider,Indel Power Group LLC,Customer,05/19/2020,05/19/2020,five (5) years,Not specified,Not specified,Not specified,Services specified in each Addendum and SOF,Not specified,Customer will pay all Charges as set forth in the SOF for that Service,,,,,,,,,,,,,,,,
61590087612_Prince George MSO Agmt 102618-FE.pdf,Managed Services Agreement,Service Agreement,service provisioning,"Distributed Computing, Inc.",Provider,"Palmetto Prince George Operating, LLC",Client,Not specified,10/26/2018,60 months,60 months,"$1,430.00","$11,000.00","['Grandstream Telephone System', 'Ten4PBX Hosted Solutions', 'Sierra Wireless Fixed Cellular', 'Connectivity & Site Services Administration']","['Prince George Healthcare Center, Georgetown, SC 29440', 'Billing Location: Sparks, MD 21152']","Monthly, due on the first day of each month",,,,,,,,,,,,,,,,
61590091717_Indel-Ten4 MSA 051820-FE.pdf,Master Services Agreement,Master Service Agreement,service provisioning,"Distributed Computing, Inc. dba Ten4",Provider,Indel Power Group LLC,Customer,05/19/2020,05/19/2020,five (5) years,Not specified,Not specified,Not specified,Services specified in each Addendum and SOF,Not specified,Customer will pay all Charges as set forth in the SOF for that Service,,,,,,,,,,,,,,,,
61590504421_Magnolia Greenville Mgd Svc 030518-FE.pdf,Managed Services Agreement,Service Agreement,service provisioning,"Distributed Computing, Inc.",Provider,"THI of South Carolina at Greenville, LLC",Client,02/27/2018,03/05/2018,60 months,60 months,$675,"$4,197","Grandstream Telephone System, Ten4PBX Hosted Solutions, Sierra Wireless Fixed Cellular","1700 Union Avenue, Suite B, Baltimore, MD 21211; 920 Ridgebrook Road, Greenville, SC 29601","Monthly invoicing, due on the first day of each month",,,,,,,,,,,,,,,,
61590504441_MM Greenville MSO Amendment 072618.pdf,Managed Services Agreement Amendment,Service Agreement,service provisioning,"Distributed Computing, Inc.",Provider,"THI of South Carolina at Greenville, LLC",Client,07/26/2018,Not specified,Fifty-Seven (57) months,Not specified,$930,$728,"['Ten4pbx Hosted Services', 'Sangoma Hosted Fax', 'Unlimited Standard SIP Trunk', 'Unlimited Hosted Fax Trunk', 'E911 Service Charge', 'Domestic Telephone No. (DID)', 'Business Hosted Extension', 'Polycom VVX300 Conference Phone', 'Edgemarc 2900A and Appliance Monitoring']",Not specified,"Monthly, due on the first day of each month",,,,,,,,,,,,,,,,
61590504455_MM Greenville MSO Amendmt-2 010719.pdf,Managed Services Agreement Amendment,Service Agreement,service provisioning,"Distributed Computing, Inc. (DCi)",Provider,THI of South Carolina at Greenville,Client,01/07/2019,Not specified,Fifty-One (51) months,Not specified,$945,$15,"['Unlimited Standard SIP Trunk', 'Unlimited Hosted Fax Trunk', 'E911 Service Charge', 'Domestic Telephone No. (DID)', 'Business Hosted Extension', 'Polycom VVX300 Conference Phone', 'Edgemarc 2900A and Appliance Monitoring']",Not specified,"Monthly, due on the first day of each month",,,,,,,,,,,,,,,,
61590519817_Tipco Vineland-Ten4 Multi Svc Addendum 041720-FE.pdf,Addendum to Master Services Agreement,Addendum,service provisioning,Ten4,Provider,"Tipco Technologies, Inc.",Customer,Not specified,Not specified,thirty-six (36) months,month-to-month,$457.40,"$2,345.98","['Hosted Voice Solutions', 'Sierra Wireless Fixed Cellular (Internet Access)']","1880 North Delsea Drive, Suite T14, Vineland, NJ 08360","Invoices are payable monthly in advance at the beginning of each month, net thirty (30) days from the date of the invoice.",,,,,,,,,,,,,,,,
61590519907_Tipco_Ordnance-Ten4_MultiSvc_Addendum_042220-FE.pdf,Addendum to Master Services Agreement,Addendum,service provisioning,"Distributed Computing, Inc. dba Ten4",Provider,"Tipco Technologies, Inc.",Customer,04/23/2020,Not specified,thirty-six (36) months,month-to-month,$267.90,"$1,424.00","HOSTED VOICE & FAX SOLUTIONS, SIERRA WIRELESS FIXED CELLULAR (INTERNET ACCESS)","715 Ordnance Road, Baltimore, MD 21226","Invoices are payable monthly in advance at the beginning of each month, net thirty (30) days from the date of the invoice.",,,,,,,,,,,,,,,,
61590522031_Indel-Ten4 MSA 051820-FE.pdf,Master Services Agreement,Master Service Agreement,service provisioning,"Distributed Computing, Inc. dba Ten4",Provider,Indel Power Group LLC,Customer,05/19/2020,05/19/2020,five (5) years,Not specified,Not specified,Not specified,Services specified in each Addendum and SOF,Not specified,Customer will pay all Charges as set forth in the SOF for that Service,,,,,,,,,,,,,,,,
61591047860_Caring People-Ten4 MultiSvc Addendum 022520-FE.pdf,Addendum to Master Services Agreement,Addendum,service provisioning,"Distributed Computing, Inc. dba Ten4",Provider,Caring People Alliance,Customer,02/27/2020,Not specified,thirty-six (36) months,month-to-month,"$8,833.00 for Hosted Voice Solutions, $42.50 for Billing Aggregation Services, estimated $910.15 for POTS connectivity","$2,500.00","Hosted Voice Solutions, Connectivity Billing Aggregation Services",Not specified.,"Monthly in advance, due on the first day of each month, net thirty (30) days from the date of the invoice.",,,,,,,,,,,,,,,,
61591900857_EA-Ten4 MSA 051820.pdf,Master Services Agreement,Master Service Agreement,service provisioning,"Distributed Computing, Inc. dba Ten4",Provider,"Education Affiliates, Inc.",Customer,5/19/2020,5/19/2020,five (5) years,Not specified,Not specified,Not specified,Services specified in each Addendum and SOF,Not specified,Customer will pay all Charges as set forth in the SOF for that Service,,,,,,,,,,,,,,,,
61591900958_EA-Ten4 HV Addendum 051820.pdf,Addendum to Master Services Agreement,Addendum,service provisioning,"Distributed Computing, Inc. dba Ten4",Provider,"Education Affiliates, Inc.",Customer,05/19/2020,05/19/2020,thirty-six (36) months,month-to-month,"$30,040.25","$447,547.95",Hosted voice equipment and services,Not specified,"Monthly invoicing, due on the first day of each month; one-time fee due at signing",,,,,,,,,,,,,,,,
61591900980_EA-Ten4 HV Addendum-2 060520-FE.pdf,Single-Page Hosted Voice Contract Addendum,Service Agreement,service provisioning,"Distributed Computing, Inc. dba Ten4",Provider,"Education Affiliates, Inc.",Customer,Not specified,06/11/2020,thirty-six (36) months,month-to-month,$499.50,"$12,800.00",Hosted voice equipment and services,"5026-D Campbell Blvd., Nottingham, MD 21236","Monthly invoicing, due on the first day of each month; all bills due within thirty (30) days upon receipt of invoice",,,,,,,,,,,,,,,,
61599854067_Corp Coverage-Ten4 HV Addendum 080520-FE.pdf,Hosted Voice Addendum,Addendum,service provisioning,"Distributed Computing, Inc. dba Ten4",Provider,"Corporate Cove, LLC",Customer,Not specified,08/05/2020,thirty-six (36) months,month-to-month,$403.82,$820.00,Hosted voice equipment and services,"2219 York Rd., Suite 2, Timonium, MD","Invoices payable monthly in advance, due net thirty (30) days from the date of the invoice",,,,,,,,,,,,,,,,
61607978761_Adams.Augusta-Ten4 HV Site License Addendum-FE.pdf,Hosted Voice Site License Addendum,Addendum,service provisioning,"Distributed Computing, Inc. dba Ten4",Provider,"Storage Units Augusta, LLC",Customer,Not specified,08/18/2020,thirty-six (36) months,month-to-month,$240.00,"$1,465.00","HOSTED VOICE SOLUTION, WIRELESS BROADBAND BACKUP","159 Cooper Drive, Augusta, GA 30907","Invoices are payable monthly in advance at the beginning of each month, due net thirty (30) days from the date of the invoice.",,,,,,,,,,,,,,,,
61607978800_Adams.NOBT Kissimmee-Ten4 HV Site License Addendum-FE.pdf,Hosted Voice Site License Addendum,Addendum,service provisioning,"Distributed Computing, Inc. dba Ten4",Provider,"Storage at NOBT & Osceola Parkway, LLC",Customer,Not specified,08/18/2020,thirty-six (36) months,month-to-month,$240.00,"$1,465.00","HOSTED VOICE SOLUTION, WIRELESS BROADBAND BACKUP","2965 N Orange Blossom Trail, Kissimmee, FL 34744","Invoices are payable monthly in advance at the beginning of each month, due net thirty (30) days from the date of the invoice.",,,,,,,,,,,,,,,,
61607978831_Adams.Jacksonville-Ten4 HV Site License Addendum-FE.pdf,Hosted Voice Site License Addendum,Addendum,service provisioning,"Distributed Computing, Inc. dba Ten4",Provider,"Storage Units Jacksonville, LLC",Customer,Not specified,08/18/2020,thirty-six (36) months,month-to-month,$240.00,"$1,465.00","HOSTED VOICE SOLUTION, WIRELESS BROADBAND BACKUP","5751 Beach Blvd., Jacksonville, FL 32207","Invoices are payable monthly in advance at the beginning of each month, due net thirty (30) days from the date of the invoice.",,,,,,,,,,,,,,,,
61607978869_Adams.Robinhood-Ten4 Site License Agmt 102020-FE.pdf,Hosted Voice Site License Addendum,Addendum,service provisioning,"Distributed Computing, Inc. dba Ten4",Provider,"5109 Robinhood Village LP, LLC",Customer,Not specified,10/29/2020,thirty-six (36) months,month-to-month,$270.00,"$1,465.00","HOSTED VOICE SOLUTION, WIRELESS BROADBAND BACKUP, ADMINISTRATIVE SERVICES","5109 Robinhood Village Drive, Winston-Salem, NC 27106","Invoices are payable monthly in advance at the beginning of each month, due net thirty (30) days from the date of the invoice.",,,,,,,,,,,,,,,,
61607978904_Adams.Grand Oak-Ten4 Site License Agmt 110220-FE.pdf,Hosted Voice Site License Addendum,Addendum,service provisioning,"Distributed Computing, Inc. dba Ten4",Provider,45 Grand Oaks Storage LLC,Customer,Not specified,11/03/2020,thirty-six (36) months,month-to-month,$270.00,"$1,465.00","['HOSTED VOICE SOLUTION', 'WIRELESS BROADBAND BACKUP (INTERNET ACCESS)', 'ADMINISTRATIVE SERVICES']","45 Grand Oaks Blvd., Charleston, SC 29414","Invoices are payable monthly in advance at the beginning of each month, due net thirty (30) days from the date of the invoice.",,,,,,,,,,,,,,,,
61607978923_Adams.Oakbrook-Ten4 Site License Agmt 110420-FE.pdf,Hosted Voice Site License Addendum,Addendum,service provisioning,Ten4,Provider,Oakbrook Managers LLC,Customer,Not specified,11/6/2020,thirty-six (36) months,month-to-month,$240.00,"$1,250.00","HOSTED VOICE SOLUTION, WIRELESS BROADBAND BACKUP","760 Travelers Blvd., Summerville, SC 29485","Invoices are payable monthly in advance at the beginning of each month, due net thirty (30) days from the date of the invoice.",,,,,,,,,,,,,,,,
61607992183_AdamsProp-Ten4 Admin Svcs Addendum 082120-FE.pdf,Administration Services Addendum,Addendum,service provisioning,"Distributed Computing, Inc. dba Ten4",Provider,Adams Property Group,Customer,Not specified,08/21/2020,36 months,month-to-month,$450.00,NONE,"['Billing Aggregation', 'NOC Services']","['670 E Pine Log Road, Aiken, SC 29803', '1402 Brevard Road, Asheville, NC 28806', '159 Cooper Drive, Augusta, GA 30907', '128 Highway 96, Bonaire, GA 31005', '4731 Washington Road, Evans, GA 30809', '2077 Calhoun Road, Greenwood, SC 29649', '5751 Beach Blvd., Jacksonville, FL 32207', '2965 N Orange Blossom Trail, Kissimmee, FL 34744', '760 Travelers Blvd., Summerville, SC 29485', '6606 Ocean Highway West, Ocean Isle Beach, NC 28469', '365 Keowee School Road, Seneca, SC 29672', '1758 St. Matthews Road, Orangeburg, SC 29118', '1176 Clements Ferry Road, Wando, SC 29492', '2254 Sandifer Blvd., Westminster, SC 29693']","Invoices are payable monthly in advance at the beginning of each month, due net thirty (30) days from the date of the invoice.",,,,,,,,,,,,,,,,
61637272625_Select Medical_Nitel MSA 20180525.pdf,Master Service Agreement,Master Service Agreement,service provisioning,NITEL INC.,Provider,Select Medical Corporation,Customer,Not specified,06/04/2019,Not specified,Not specified,Not specified,Not specified,communications services,Not specified,Invoices are delivered monthly and payment is due 30 days after the invoice date.,,,,,,,,,,,,,,,,
61718237967_2189554-USAD-MSA_(1).pdf,USA Digital Master Services Agreement,Master Service Agreement,service provisioning,"USA Digital Communications, Inc.",Provider,JAS Worldwide,Customer,06/09/2023,06/09/2023,Not specified,month-to-month,Not specified,Not specified,Not specified,"Oklahoma City, OK; Atlanta, GA","Invoices due on the date specified; finance charge on delinquent amounts; acceptable forms of payment include checks, wire transfers, ACH credits, and credit cards with possible surcharges.",,,,,,,,,,,,,,,,
61723837238_Hi-Link Technology MSA (DLR 03.15.23).docx.pdf,Master Services Agreement (United States),Master Service Agreement,service provisioning,"Digital Realty Holdings US, LLC",Provider,"HI-Link Technology Group, LLC",Customer,01/01/2021,Not specified,39 months,Not specified.,Not specified.,Not specified.,Covered services/products,service locations,Not specified.,,,,,,,,,,,,,,,,
61723837376_Hi-Link Technology GTC (DLR 03.15.23).docx (1).pdf,Global Terms and Conditions,Master Service Agreement,service provisioning,Digital Realty,Provider,"Hi-Link Technology Group, LLC",Customer,09/01/2022,Not specified,Not specified,1-year period(s),Not specified,Not specified,data center-related services and/or products,Not specified,Monthly recurring charges paid in advance on the first day of each calendar month,,,,,,,,,,,,,,,,
61724086842_2252144-Arelion_MSA_846467.pdf,Master Service Agreement,Master Service Agreement,service provisioning,Arelion U.S. Inc.,Provider,Free Range internet LLC,Customer,11/21/2023,11/21/2023,Not specified,Not specified,Not specified,Not specified,Covered services/products,service locations,"Customer shall pay to Arelion all recurring and non-recurring charges for Service, plus all applicable Taxes. All payments due under this Agreement shall be made by wire transfer or ACH in immediately available funds in the currency specified in the relevant Order to the account or accounts designated by Arelion.",,,,,,,,,,,,,,,,
61724765368_LehighWifi_ArelionMSA-Signed03062024.pdf,Master Service Agreement,Master Service Agreement,service provisioning,Arelion U.S. Inc.,provider,Not specified.,customer,03/06/2024,03/06/2024,Not specified.,Not specified.,Not specified.,Not specified.,Covered services/products,service locations,"Customer shall pay to Arelion all recurring and non-recurring charges for Service, plus all applicable Taxes. Payment shall be made directly to Arelion by Customer from an account registered in Customer’s name.",,,,,,,,,,,,,,,,
91583414578_CenturyLink_-_Concentra_N309813_CTA_101617.pdf,CenturyLink Total Advantage Agreement,Service Agreement,Service provisioning,"CenturyLink Sales Solutions, Inc.",Provider,"Concentra Health Services, Inc.",Customer,10/17/17,10/17/17,3 years,Month-to-month,"$2,000/month",Not specified.,"CenturyLink Communications, LLC Service Appendix, Local Access Service, CenturyLink IQ Networking Service",Not specified.,Invoices due in full within 30 days after the date of the invoice.,,,,,,,,,,,,,,,,
91583944812_Concentra Health Services - Nitel MSA - FINAL.pdf,Master Service Agreement,Master Service Agreement,service provisioning,NITEL INC.,Provider,"Concentra Health Services, Inc.",Customer,Not specified,06/01/18,Not specified,Not specified,Not specified,Not specified,communications services,Not specified,Invoices are delivered monthly and payment is due 30 days after the invoice date.,,,,,,,,,,,,,,,,
91583945347_Concentra Health Services - Nitel MSA - FINAL.pdf,Master Service Agreement,Master Service Agreement,service provisioning,NITEL INC.,Provider,"Concentra Health Services, Inc.",Customer,Not specified,06/01/18,Not specified,Not specified,Not specified,Not specified,communications services,Not specified,Invoices are delivered monthly and payment is due 30 days after the invoice date.,,,,,,,,,,,,,,,,
91583946507_Concentra - Hypercore MSA FINAL 7.9.2018.pdf,Service Agreement,Service Agreement,service provisioning,"Hypercore Networks, Inc.",Provider,"Concentra Health Services, Inc.",Customer,Not specified,07/09/18,one (1) year,Not specified,Not specified,Not specified,broadband services,"Addison, TX",Services are billed thirty (30) days in advance; any balance past-due will be billed at 1.5% per month finance charge.,,,,,,,,,,,,,,,,
91585069861_Midco MSA Novacare Clearwater MN 21956.pdf,Master Service Agreement,Master Service Agreement,service provisioning,Midcontinent Communications®,Provider,NovaCare Rehab,Customer,Not specified,05/29/2019,Not specified.,two (2) successive one (1) year terms,Not specified.,Not specified.,service or services identified in the accepted Business Solutions Service Order(s),Not specified.,Customer shall pay the monthly recurring charges (MRC) associated with Service as specified in the Service Order in advance of the month in which Service is provided.,,,,,,,,,,,,,,,,
91587387609_ACC Business - MSA.pdf,ACC Business Multi-Service Agreement,Master Service Agreement,service provisioning,ACC Business,Provider,ACC Business,Customer,10/11/2017,10/12/2017,Not specified,Not specified,Not specified,Not specified,"All products and services (including wireless, if applicable) ACC Business provides Customer pursuant to this Agreement.",Not specified,Customer agrees to pay any pre-Cutover termination or cancellation charges set out in a Pricing Schedule or Service Publication.,,,,,,,,,,,,,,,,
91589678502_Vineland Signed Contracts for WBG and Hosted 041720 copy.pdf,Addendum to Master Services Agreement,Addendum,service provisioning,"Distributed Computing, Inc. dba Ten4",Provider,"Tipco Technologies, Inc.",Customer,Not specified,Not specified,thirty-six (36) months,month-to-month,$457.40,"$2,345.98","['Hosted Voice Solutions', 'Sierra Wireless Fixed Cellular (Internet Access)']","['1880 North Delsea Drive, Suite T14, Vineland, NJ 08360']","Invoices are payable monthly in advance at the beginning of each month, net thirty (30) days from the date of the invoice.",,,,,,,,,,,,,,,,
